AB608789,DENV-1
LC011948,DENV-1
GQ868630,DENV-1
HM181962,DENV-1
HM181963,DENV-1
HM181964,DENV-1
HM181965,DENV-1
HM181966,DENV-1
GU131721,DENV-1
GU131722,DENV-1
GU131723,DENV-1
GU131724,DENV-1
GU131725,DENV-1
GU131891,DENV-1
GU131726,DENV-1
GU131727,DENV-1
HM631850,DENV-1
GU131728,DENV-1
KF955446,DENV-1
KF921942,DENV-1
JF937602,DENV-1
GU131729,DENV-1
GU131730,DENV-1
GU131731,DENV-1
GU131892,DENV-1
GU131732,DENV-1
GU131733,DENV-1
GU131734,DENV-1
GU131735,DENV-1
GU131736,DENV-1
GU131737,DENV-1
JF937603,DENV-1
GU131738,DENV-1
JN000935,DENV-1
JF937604,DENV-1
GU131893,DENV-1
JF937605,DENV-1
JF937606,DENV-1
JF937607,DENV-1
JF937608,DENV-1
GU131739,DENV-1
GU131740,DENV-1
GU131741,DENV-1
GU131742,DENV-1
GU131743,DENV-1
GU131744,DENV-1
GU131894,DENV-1
GU131745,DENV-1
JN093516,DENV-1
GU131746,DENV-1
JF937609,DENV-1
KF921949,DENV-1
GU131747,DENV-1
GU131748,DENV-1
GQ868615,DENV-1
GU131749,DENV-1
GU131750,DENV-1
GU131895,DENV-1
GU131751,DENV-1
GU131752,DENV-1
GU131753,DENV-1
GU131754,DENV-1
GU131755,DENV-1
GU131756,DENV-1
GU131757,DENV-1
GU131758,DENV-1
GU131759,DENV-1
GU131760,DENV-1
GQ868632,DENV-1
GU131761,DENV-1
GU131762,DENV-1
GU131763,DENV-1
GU131764,DENV-1
GU131765,DENV-1
GU131766,DENV-1
JF937610,DENV-1
GU131767,DENV-1
HM181967,DENV-1
JF937611,DENV-1
GQ868633,DENV-1
GU131768,DENV-1
GU131769,DENV-1
GU131770,DENV-1
GU131771,DENV-1
GU131772,DENV-1
GU131773,DENV-1
GU131774,DENV-1
GU131775,DENV-1
GU131776,DENV-1
GU131777,DENV-1
GU131919,DENV-1
GU131778,DENV-1
GU131779,DENV-1
GU131780,DENV-1
GU131781,DENV-1
GU131782,DENV-1
GU131783,DENV-1
GU131784,DENV-1
GU131785,DENV-1
JF937612,DENV-1
GU131786,DENV-1
GU131920,DENV-1
GU131787,DENV-1
GU131788,DENV-1
HM181968,DENV-1
GU131789,DENV-1
GU131790,DENV-1
HM181969,DENV-1
GU131791,DENV-1
GU131792,DENV-1
HM488256,DENV-1
GU131793,DENV-1
LC016760,DENV-1
GU131921,DENV-1
GU131794,DENV-1
GU131795,DENV-1
GU131796,DENV-1
GU131797,DENV-1
GU131798,DENV-1
GU131799,DENV-1
GU131800,DENV-1
GU131801,DENV-1
JF937613,DENV-1
JF937614,DENV-1
GQ868635,DENV-1
GU131802,DENV-1
GU131803,DENV-1
GU131804,DENV-1
GU131805,DENV-1
HM631851,DENV-1
GU131806,DENV-1
GU131807,DENV-1
GU131808,DENV-1
GU131809,DENV-1
GU131810,DENV-1
GQ868636,DENV-1
GU131811,DENV-1
JF937615,DENV-1
GU131812,DENV-1
GU131813,DENV-1
GU131814,DENV-1
GU131815,DENV-1
GU131816,DENV-1
GU131817,DENV-1
GU131818,DENV-1
GU131819,DENV-1
GU131922,DENV-1
GU131820,DENV-1
HM181970,DENV-1
GU131821,DENV-1
GU131822,DENV-1
GU131823,DENV-1
GU131824,DENV-1
GU131825,DENV-1
GU131826,DENV-1
JF937616,DENV-1
JF937617,DENV-1
GU131923,DENV-1
JF937618,DENV-1
JF937619,DENV-1
GU131827,DENV-1
GU131828,DENV-1
GU131829,DENV-1
GU131830,DENV-1
GU131831,DENV-1
EU482789,DENV-1
EU482790,DENV-1
EU482791,DENV-1
GQ868637,DENV-1
EU482792,DENV-1
EU482707,DENV-1
EU482708,DENV-1
EU482709,DENV-1
EU482710,DENV-1
EU482711,DENV-1
EU482712,DENV-1
EU482713,DENV-1
EU482714,DENV-1
EU482715,DENV-1
GQ868639,DENV-1
EU482716,DENV-1
EU482717,DENV-1
EU482718,DENV-1
EU249490,DENV-1
EU249491,DENV-1
EU249492,DENV-1
EU249493,DENV-1
EU249494,DENV-1
EU249495,DENV-1
EU482793,DENV-1
GU131925,DENV-1
EU482794,DENV-1
EU482795,DENV-1
EU482796,DENV-1
EU482797,DENV-1
EU482799,DENV-1
EU482800,DENV-1
EU482801,DENV-1
EU482802,DENV-1
EU482803,DENV-1
EU482804,DENV-1
GU131926,DENV-1
EU482805,DENV-1
EU482806,DENV-1
EU482807,DENV-1
EU482808,DENV-1
EU482809,DENV-1
EU482810,DENV-1
EU482811,DENV-1
EU482812,DENV-1
EU482813,DENV-1
EU482814,DENV-1
FJ639669,DENV-1
EU482815,DENV-1
EU482816,DENV-1
EU482817,DENV-1
EU482818,DENV-1
EU482819,DENV-1
EU482820,DENV-1
EU482821,DENV-1
EU482822,DENV-1
EU482476,DENV-1
EU482477,DENV-1
LC128301,DENV-1
FJ639670,DENV-1
EU482478,DENV-1
EU482479,DENV-1
EU482480,DENV-1
EU482481,DENV-1
EU482482,DENV-1
EU482483,DENV-1
EU482484,DENV-1
EU482485,DENV-1
EU482486,DENV-1
EU482487,DENV-1
FJ639671,DENV-1
EU482488,DENV-1
EU482489,DENV-1
EU482490,DENV-1
EU482491,DENV-1
EU482492,DENV-1
EU482493,DENV-1
EU482494,DENV-1
EU482495,DENV-1
EU482496,DENV-1
EU482497,DENV-1
JN819423,DENV-1
EU482498,DENV-1
EU482499,DENV-1
EU482500,DENV-1
EU482501,DENV-1
EU482502,DENV-1
EU482503,DENV-1
EU482504,DENV-1
EU482505,DENV-1
EU482506,DENV-1
EU482507,DENV-1
FJ639672,DENV-1
EU482508,DENV-1
EU482509,DENV-1
EU482510,DENV-1
EU482511,DENV-1
EU482512,DENV-1
EU482513,DENV-1
EU482514,DENV-1
EU482515,DENV-1
EU482516,DENV-1
EU482517,DENV-1
FJ639673,DENV-1
EU482519,DENV-1
EU482520,DENV-1
EU482521,DENV-1
EU482522,DENV-1
EU482523,DENV-1
EU482524,DENV-1
EU482525,DENV-1
EU482526,DENV-1
EU482527,DENV-1
EU482528,DENV-1
FJ639674,DENV-1
EU482529,DENV-1
EU482531,DENV-1
EU482532,DENV-1
EU482533,DENV-1
EU482534,DENV-1
EU482535,DENV-1
EU482536,DENV-1
EU482537,DENV-1
EU482538,DENV-1
EU482539,DENV-1
FJ639675,DENV-1
EU482540,DENV-1
KP188539,DENV-1
KP188540,DENV-1
KP188541,DENV-1
KP188543,DENV-1
KP188544,DENV-1
KP188546,DENV-1
KP188547,DENV-1
KP723473,DENV-1
KP723476,DENV-1
FJ639676,DENV-1
KT187563,DENV-1
KT187564,DENV-1
KT187559,DENV-1
KT187560,DENV-1
KT187561,DENV-1
KT187562,DENV-1
JQ045626,DENV-1
JQ045628,DENV-1
JQ045629,DENV-1
JQ045630,DENV-1
FJ639677,DENV-1
JQ045631,DENV-1
JQ045632,DENV-1
JQ045633,DENV-1
JQ045634,DENV-1
JQ045636,DENV-1
JQ045635,DENV-1
JQ045637,DENV-1
JQ045638,DENV-1
JQ045639,DENV-1
JQ045640,DENV-1
GQ868618,DENV-1
JQ045641,DENV-1
JQ045645,DENV-1
JQ045642,DENV-1
JQ045643,DENV-1
JQ045644,DENV-1
JQ045646,DENV-1
JQ045647,DENV-1
JQ045648,DENV-1
JQ045649,DENV-1
JQ045650,DENV-1
LC011945,DENV-1
GQ868619,DENV-1
JQ045651,DENV-1
JQ045652,DENV-1
JQ045653,DENV-1
JQ045654,DENV-1
JQ045655,DENV-1
JQ045656,DENV-1
JQ045657,DENV-1
JQ045658,DENV-1
JQ045659,DENV-1
JQ045660,DENV-1
FJ639678,DENV-1
JQ045661,DENV-1
JQ045662,DENV-1
JQ045663,DENV-1
JQ045664,DENV-1
JQ045665,DENV-1
JQ045666,DENV-1
JQ045667,DENV-1
JQ045668,DENV-1
KU094071,DENV-1
HQ624983,DENV-1
FJ639679,DENV-1
FJ384655,DENV-1
KC759167,DENV-1
JQ048541,DENV-1
JN697056,DENV-1
JN697058,DENV-1
JN697057,DENV-1
HQ624984,DENV-1
KP398852,DENV-1
HQ891313,DENV-1
HQ891314,DENV-1
FJ850069,DENV-1
HQ891315,DENV-1
HQ891316,DENV-1
JN054256,DENV-1
JN054255,DENV-1
KP406801,DENV-1
KP406802,DENV-1
KP406803,DENV-1
FJ196843,DENV-1
FJ196847,DENV-1
FJ196844,DENV-1
FJ639680,DENV-1
FJ196845,DENV-1
FJ196841,DENV-1
FJ196842,DENV-1
FJ196846,DENV-1
FJ196848,DENV-1
KX225492,DENV-1
KX225493,DENV-1
KX621253,DENV-1
KX621249,DENV-1
KX459387,DENV-1
FJ639681,DENV-1
KT827367,DENV-1
KT827378,DENV-1
KT827379,DENV-1
KT827364,DENV-1
KT827370,DENV-1
KT827374,DENV-1
KT827375,DENV-1
KT827377,DENV-1
KT827371,DENV-1
KT827376,DENV-1
FJ639682,DENV-1
KT827373,DENV-1
KT827372,DENV-1
KT827366,DENV-1
KT827368,DENV-1
KT827365,DENV-1
KT827369,DENV-1
KJ438293,DENV-1
KJ438296,DENV-1
KX225483,DENV-1
KX459389,DENV-1
JQ287664,DENV-1
KX621250,DENV-1
KX459390,DENV-1
KX459391,DENV-1
KX225487,DENV-1
KX621251,DENV-1
KX225488,DENV-1
KX225489,DENV-1
KX225490,DENV-1
KX459392,DENV-1
KX225484,DENV-1
FJ639683,DENV-1
KX225491,DENV-1
KX459386,DENV-1
KX459388,DENV-1
KC692495,DENV-1
KC692496,DENV-1
KC692497,DENV-1
KC692498,DENV-1
KC692499,DENV-1
KC692500,DENV-1
KC692501,DENV-1
FJ639684,DENV-1
KC692502,DENV-1
KC692503,DENV-1
KC692504,DENV-1
KC692505,DENV-1
KC692506,DENV-1
KC692507,DENV-1
KC692508,DENV-1
KC692509,DENV-1
KC692510,DENV-1
KC692511,DENV-1
LC011949,DENV-1
FJ639685,DENV-1
KC692512,DENV-1
KC692513,DENV-1
KC692514,DENV-1
KC692515,DENV-1
KC692516,DENV-1
KC692517,DENV-1
KX620451,DENV-1
KC762649,DENV-1
KC762625,DENV-1
KC762654,DENV-1
FJ639686,DENV-1
KC762636,DENV-1
KC762635,DENV-1
KC762650,DENV-1
KC762623,DENV-1
KC762632,DENV-1
KC762646,DENV-1
KC762637,DENV-1
KC762620,DENV-1
KC762631,DENV-1
KC762621,DENV-1
FJ744702,DENV-1
KC762643,DENV-1
KC762651,DENV-1
KC762653,DENV-1
KC762652,DENV-1
KC762638,DENV-1
KC762640,DENV-1
KC762645,DENV-1
KC762628,DENV-1
KC762624,DENV-1
KC762644,DENV-1
FJ639687,DENV-1
KC762630,DENV-1
KC762626,DENV-1
KC762641,DENV-1
KC762648,DENV-1
KC762622,DENV-1
KC762634,DENV-1
KC762633,DENV-1
KC762629,DENV-1
KC762627,DENV-1
KC762647,DENV-1
FJ639688,DENV-1
KC762639,DENV-1
KC762642,DENV-1
KX458014,DENV-1
JQ915077,DENV-1
JQ915079,DENV-1
JQ915080,DENV-1
KJ755855,DENV-1
KF289073,DENV-1
JQ915072,DENV-1
JQ915071,DENV-1
FJ639689,DENV-1
JQ915073,DENV-1
JQ915074,DENV-1
JQ915075,DENV-1
JQ915076,DENV-1
KF289072,DENV-1
JQ692085,DENV-1
JQ917404,DENV-1
JF960211,DENV-1
KJ806939,DENV-1
KJ806961,DENV-1
FJ639690,DENV-1
KY921903,DENV-1
KJ806953,DENV-1
KJ806963,DENV-1
KJ806959,DENV-1
JN544409,DENV-1
KJ806941,DENV-1
KY921902,DENV-1
KJ806943,DENV-1
KJ806944,DENV-1
JN544410,DENV-1
FJ639691,DENV-1
JN544407,DENV-1
KJ806945,DENV-1
KJ806946,DENV-1
KJ806947,DENV-1
KX224261,DENV-1
KX224263,DENV-1
KJ806949,DENV-1
KR779783,DENV-1
KJ806950,DENV-1
KJ806951,DENV-1
FJ639692,DENV-1
JN544411,DENV-1
FJ469907,DENV-1
FJ469908,DENV-1
FJ469909,DENV-1
GQ357692,DENV-1
GU370048,DENV-1
KM403636,DENV-1
KM403627,DENV-1
KM403578,DENV-1
KM403584,DENV-1
FJ639693,DENV-1
KM403580,DENV-1
KM403587,DENV-1
KM403633,DENV-1
KM403592,DENV-1
KM403628,DENV-1
KM403618,DENV-1
KM403629,DENV-1
KM403593,DENV-1
KM403603,DENV-1
KM403585,DENV-1
HM469966,DENV-1
FJ639694,DENV-1
KM403595,DENV-1
GU370049,DENV-1
KM403599,DENV-1
KM403604,DENV-1
KM403588,DENV-1
KM403605,DENV-1
KM403606,DENV-1
KM403591,DENV-1
KM403607,DENV-1
KM403581,DENV-1
FJ639695,DENV-1
KM403608,DENV-1
KM403597,DENV-1
KM403609,DENV-1
KM403610,DENV-1
KM403611,DENV-1
KM403600,DENV-1
KM403634,DENV-1
KM403630,DENV-1
KM403612,DENV-1
KM403596,DENV-1
FJ639696,DENV-1
KM403614,DENV-1
KM403598,DENV-1
KM403590,DENV-1
KM403601,DENV-1
KM403616,DENV-1
KM403620,DENV-1
KM403615,DENV-1
KM403617,DENV-1
KM403635,DENV-1
KM403621,DENV-1
HM631852,DENV-1
KM403576,DENV-1
KM403594,DENV-1
KM403622,DENV-1
KM403623,DENV-1
KM403575,DENV-1
KM403589,DENV-1
KM403586,DENV-1
KM403602,DENV-1
KM403582,DENV-1
KM403624,DENV-1
KF955444,DENV-1
KM403577,DENV-1
KM403613,DENV-1
KM403625,DENV-1
KM403631,DENV-1
KM403626,DENV-1
KM403632,DENV-1
KM403583,DENV-1
KM403579,DENV-1
KJ726663,DENV-1
KJ726664,DENV-1
HM181936,DENV-1
KJ726662,DENV-1
HM469968,DENV-1
KC172834,DENV-1
KJ933413,DENV-1
KX620452,DENV-1
KX620455,DENV-1
KX620453,DENV-1
KX620454,DENV-1
KU666942,DENV-1
KU666939,DENV-1
HM181937,DENV-1
KU666940,DENV-1
KU666941,DENV-1
KC172835,DENV-1
EU848545,DENV-1
KR024708,DENV-1
KR024705,DENV-1
KR024706,DENV-1
KR024707,DENV-1
KC172829,DENV-1
EU359008,DENV-1
HM181938,DENV-1
AY835999,DENV-1
KP686070,DENV-1
JN638344,DENV-1
JN638343,DENV-1
JN638340,DENV-1
JN638339,DENV-1
JF459993,DENV-1
EU863650,DENV-1
KU365900,DENV-1
JN638341,DENV-1
HM181939,DENV-1
JN638342,DENV-1
FJ176779,DENV-1
FJ176780,DENV-1
GQ398255,DENV-1
KU509254,DENV-1
KU509255,DENV-1
KU509249,DENV-1
KU509250,DENV-1
KU509263,DENV-1
KU509264,DENV-1
HM181940,DENV-1
KU509265,DENV-1
KU509266,DENV-1
KU509257,DENV-1
KU509258,DENV-1
KU509259,DENV-1
KU509260,DENV-1
KU509261,DENV-1
KU509256,DENV-1
KU509262,DENV-1
KU509251,DENV-1
JX669462,DENV-1
HM181941,DENV-1
KU509252,DENV-1
KU509253,DENV-1
EF122231,DENV-1
EF122232,DENV-1
JN205310,DENV-1
KT279761,DENV-1
KM204119,DENV-1
KX595191,DENV-1
JN638336,DENV-1
JN638337,DENV-1
HM181942,DENV-1
JN638338,DENV-1
KX452061,DENV-1
KX452062,DENV-1
KX452063,DENV-1
KX452050,DENV-1
KX452051,DENV-1
KX452064,DENV-1
KX452068,DENV-1
KX452065,DENV-1
KX452052,DENV-1
HM181943,DENV-1
KX452053,DENV-1
KX452054,DENV-1
KX452055,DENV-1
KX452056,DENV-1
KX452057,DENV-1
KX452058,DENV-1
KX452059,DENV-1
KX452060,DENV-1
HQ332182,DENV-1
HQ332177,DENV-1
HM488255,DENV-1
HQ332181,DENV-1
HQ332180,DENV-1
HQ332183,DENV-1
HQ332179,DENV-1
MF405201,DENV-1
KR919820,DENV-1
KY586306,DENV-1
KY586315,DENV-1
KY586426,DENV-1
KY586427,DENV-1
HM181944,DENV-1
KY586428,DENV-1
KY586429,DENV-1
KY586430,DENV-1
KY586432,DENV-1
KY586433,DENV-1
KY586434,DENV-1
KY586435,DENV-1
KY586436,DENV-1
KY586317,DENV-1
KY586437,DENV-1
HM181945,DENV-1
KY586438,DENV-1
KY586439,DENV-1
KY586443,DENV-1
KY586445,DENV-1
KY586446,DENV-1
KY586447,DENV-1
KY586448,DENV-1
KY586449,DENV-1
KY586450,DENV-1
KY586318,DENV-1
HM181946,DENV-1
KY586451,DENV-1
KY586452,DENV-1
KY586453,DENV-1
KY586454,DENV-1
KY586455,DENV-1
KY586456,DENV-1
KY586457,DENV-1
KY586458,DENV-1
KY586459,DENV-1
KY586460,DENV-1
HM181947,DENV-1
KY586319,DENV-1
KY586461,DENV-1
KY586462,DENV-1
KY586463,DENV-1
KY586467,DENV-1
KY586470,DENV-1
KY586471,DENV-1
KY586472,DENV-1
KY586473,DENV-1
KY586474,DENV-1
JQ287665,DENV-1
KY586475,DENV-1
KY586320,DENV-1
KY586476,DENV-1
KY586478,DENV-1
KY586479,DENV-1
KY586480,DENV-1
KY586482,DENV-1
KY586483,DENV-1
KY586484,DENV-1
KY586485,DENV-1
HM181948,DENV-1
KY586486,DENV-1
KY586487,DENV-1
KY586321,DENV-1
KY586488,DENV-1
KY586489,DENV-1
KY586490,DENV-1
KY586491,DENV-1
KY586495,DENV-1
KY586496,DENV-1
KY586497,DENV-1
JX669463,DENV-1
HM181949,DENV-1
KY586498,DENV-1
KY586499,DENV-1
KY586500,DENV-1
KY586322,DENV-1
KY586501,DENV-1
KY586502,DENV-1
KY586503,DENV-1
KY586504,DENV-1
KY586505,DENV-1
KY586506,DENV-1
HM181950,DENV-1
KY586507,DENV-1
KY586509,DENV-1
KY586510,DENV-1
KY586511,DENV-1
KY586323,DENV-1
KY586512,DENV-1
KY586513,DENV-1
KY586515,DENV-1
KY586516,DENV-1
KY586517,DENV-1
HM181951,DENV-1
KY586518,DENV-1
KY586519,DENV-1
KY586520,DENV-1
KY586521,DENV-1
KY586522,DENV-1
KY586324,DENV-1
KY586523,DENV-1
KY586524,DENV-1
KY586525,DENV-1
KY586526,DENV-1
HM181952,DENV-1
KY586527,DENV-1
KY586529,DENV-1
KY586530,DENV-1
KY586531,DENV-1
KY586534,DENV-1
KY586535,DENV-1
KY586325,DENV-1
KY586536,DENV-1
KY586537,DENV-1
KY586538,DENV-1
HM181953,DENV-1
KY586539,DENV-1
KY586540,DENV-1
KY586542,DENV-1
KY586543,DENV-1
KY586546,DENV-1
KY586307,DENV-1
KY586327,DENV-1
KY586328,DENV-1
KY586332,DENV-1
KY586335,DENV-1
KF921933,DENV-1
KY586336,DENV-1
KY586340,DENV-1
KY586341,DENV-1
KY586342,DENV-1
KY586343,DENV-1
KY586344,DENV-1
KY586308,DENV-1
KY586345,DENV-1
KY586347,DENV-1
KY586348,DENV-1
HM181954,DENV-1
KY586349,DENV-1
KY586350,DENV-1
KY586351,DENV-1
KY586352,DENV-1
KY586353,DENV-1
KY586354,DENV-1
KY586309,DENV-1
KY586355,DENV-1
KY586356,DENV-1
KY586357,DENV-1
HM181955,DENV-1
KY586358,DENV-1
KY586359,DENV-1
KY586365,DENV-1
KY586366,DENV-1
KY586367,DENV-1
KY586368,DENV-1
KY586369,DENV-1
KY586310,DENV-1
KY586370,DENV-1
KY586371,DENV-1
HM181956,DENV-1
KY586372,DENV-1
KY586374,DENV-1
KY586375,DENV-1
KY586376,DENV-1
KY586377,DENV-1
KY586378,DENV-1
KY586379,DENV-1
KY586381,DENV-1
KY586311,DENV-1
KY586382,DENV-1
HM181957,DENV-1
KY586383,DENV-1
KY586384,DENV-1
KY586385,DENV-1
KY586386,DENV-1
KY586387,DENV-1
KY586388,DENV-1
KY586389,DENV-1
KY586390,DENV-1
KY586391,DENV-1
KY586312,DENV-1
JX669464,DENV-1
HM181958,DENV-1
KY586392,DENV-1
KY586393,DENV-1
KY586394,DENV-1
KY586395,DENV-1
KY586396,DENV-1
KY586397,DENV-1
KY586398,DENV-1
KY586399,DENV-1
KY586400,DENV-1
KY586401,DENV-1
HM181959,DENV-1
KY586313,DENV-1
KY586403,DENV-1
KY586404,DENV-1
KY586405,DENV-1
KY586406,DENV-1
KY586407,DENV-1
KY586408,DENV-1
KY586410,DENV-1
KY586411,DENV-1
KY586412,DENV-1
JF937651,DENV-1
KY586413,DENV-1
KY586314,DENV-1
KY586414,DENV-1
KY586415,DENV-1
KY586416,DENV-1
KY586418,DENV-1
KY586419,DENV-1
KY586420,DENV-1
KY586421,DENV-1
KY586422,DENV-1
GU131956,DENV-1
KY586423,DENV-1
KY586424,DENV-1
KY586316,DENV-1
KY586339,DENV-1
KY586360,DENV-1
KY586361,DENV-1
KY586362,DENV-1
KY586363,DENV-1
KY586364,DENV-1
KY586373,DENV-1
GU131957,DENV-1
KY586380,DENV-1
KY586402,DENV-1
KY586409,DENV-1
KY586326,DENV-1
KY586417,DENV-1
KY586425,DENV-1
KY586431,DENV-1
KY586440,DENV-1
KY586441,DENV-1
KY586442,DENV-1
GU131958,DENV-1
KY586444,DENV-1
KY586464,DENV-1
KY586465,DENV-1
KY586466,DENV-1
KY586329,DENV-1
KY586468,DENV-1
KY586469,DENV-1
KY586477,DENV-1
KY586481,DENV-1
KY586492,DENV-1
GQ868498,DENV-1
KY586493,DENV-1
KY586494,DENV-1
KY586508,DENV-1
KY586514,DENV-1
KY586528,DENV-1
KY586330,DENV-1
KY586532,DENV-1
KY586533,DENV-1
KY586541,DENV-1
KY586544,DENV-1
GQ868499,DENV-1
KY586545,DENV-1
KY586331,DENV-1
KY586333,DENV-1
KY586334,DENV-1
KY586337,DENV-1
KY586338,DENV-1
KR919821,DENV-1
KP772252,DENV-1
KR071622,DENV-1
KR052012,DENV-1
GQ868500,DENV-1
AF298807,DENV-1
AF298808,DENV-1
U88536,DENV-1
U88537,DENV-1
DQ285561,DENV-1
U88535,DENV-1
HG316481,DENV-1
HG316482,DENV-1
AF309641,DENV-1
AB178040,DENV-1
GU131960,DENV-1
AB074761,DENV-1
AB074760,DENV-1
EF025110,DENV-1
AF513110,DENV-1
DQ285562,DENV-1
EF457905,DENV-1
DQ285558,DENV-1
DQ285559,DENV-1
DQ285560,DENV-1
AY145121,DENV-1
JX669465,DENV-1
GU131961,DENV-1
AY145123,DENV-1
AY145122,DENV-1
AF180818,DENV-1
AF180817,DENV-1
AF514883,DENV-1
AF514878,DENV-1
AY206457,DENV-1
AF514885,DENV-1
AF514889,DENV-1
AF514876,DENV-1
GU131962,DENV-1
AF311956,DENV-1
AF311958,DENV-1
AF311957,DENV-1
AY708047,DENV-1
AY713474,DENV-1
AY713475,DENV-1
AY722802,DENV-1
AY713476,DENV-1
AY726555,DENV-1
AY726554,DENV-1
GU131963,DENV-1
AY722803,DENV-1
AY726549,DENV-1
AY726550,DENV-1
AY713473,DENV-1
AY722801,DENV-1
AY726551,DENV-1
AY726552,DENV-1
AY726553,DENV-1
EU081229,DENV-1
EU081230,DENV-1
GU131964,DENV-1
EU081231,DENV-1
EU081232,DENV-1
EU081233,DENV-1
EU081234,DENV-1
EU081235,DENV-1
EU081236,DENV-1
EU081237,DENV-1
EU081238,DENV-1
EU081239,DENV-1
EU081240,DENV-1
KF955442,DENV-1
EU081241,DENV-1
EU081242,DENV-1
EU081244,DENV-1
EU081245,DENV-1
EU081246,DENV-1
EU081247,DENV-1
EU081248,DENV-1
EU081249,DENV-1
EU081250,DENV-1
EU081252,DENV-1
GU131965,DENV-1
EU081253,DENV-1
EU081254,DENV-1
EU081255,DENV-1
EU081256,DENV-1
EU081257,DENV-1
EU081258,DENV-1
EU081259,DENV-1
EU081260,DENV-1
EU081261,DENV-1
EU081262,DENV-1
GU131966,DENV-1
EU081263,DENV-1
EU081264,DENV-1
EU081265,DENV-1
EU081266,DENV-1
EU081267,DENV-1
EU081268,DENV-1
EU081269,DENV-1
EU081270,DENV-1
EU081271,DENV-1
EU081272,DENV-1
GQ868501,DENV-1
EU081273,DENV-1
EU081274,DENV-1
EU081275,DENV-1
EU081276,DENV-1
EU081277,DENV-1
EU081278,DENV-1
EU081279,DENV-1
EU081226,DENV-1
EU081227,DENV-1
EU081228,DENV-1
HQ166035,DENV-1
EU081280,DENV-1
EU081281,DENV-1
EU280167,DENV-1
AF226685,DENV-1
AF226687,DENV-1
AF226686,DENV-1
DQ672556,DENV-1
DQ672557,DENV-1
DQ672558,DENV-1
DQ672559,DENV-1
GQ868502,DENV-1
DQ193572,DENV-1
AF350498,DENV-1
EF032590,DENV-1
DQ672560,DENV-1
DQ672561,DENV-1
DQ672564,DENV-1
DQ672563,DENV-1
AY762084,DENV-1
AY732483,DENV-1
AY732482,DENV-1
AB608788,DENV-1
JX669466,DENV-1
GQ868503,DENV-1
AY732481,DENV-1
AY732480,DENV-1
AY732479,DENV-1
AY732478,DENV-1
AY732477,DENV-1
AY732476,DENV-1
AY732475,DENV-1
AY732474,DENV-1
KX452067,DENV-1
GQ868504,DENV-1
GU131967,DENV-1
GQ868505,DENV-1
GU131968,DENV-1
GU131969,DENV-1
GQ868506,DENV-1
GQ868507,DENV-1
GQ868508,DENV-1
GQ868509,DENV-1
JX669467,DENV-1
GQ868510,DENV-1
GQ868511,DENV-1
GQ868512,DENV-1
GU131970,DENV-1
KF955427,DENV-1
GU131971,DENV-1
GQ868513,DENV-1
GQ868514,DENV-1
GU131972,DENV-1
GU131973,DENV-1
HM469967,DENV-1
GQ868517,DENV-1
GU131976,DENV-1
GQ868518,DENV-1
GQ868519,DENV-1
KF955443,DENV-1
GQ868520,DENV-1
GQ868521,DENV-1
GQ868522,DENV-1
GU131977,DENV-1
GQ868523,DENV-1
JX669468,DENV-1
GQ868524,DENV-1
GU131978,DENV-1
HQ166036,DENV-1
GQ868525,DENV-1
GQ868526,DENV-1
GU131979,DENV-1
GQ868527,DENV-1
GU131980,DENV-1
GU131981,DENV-1
GQ868528,DENV-1
JX669469,DENV-1
GQ868529,DENV-1
GU131982,DENV-1
GQ868530,DENV-1
GQ868531,DENV-1
GU131983,DENV-1
GQ868532,DENV-1
GQ868533,DENV-1
GQ868534,DENV-1
GQ868535,DENV-1
GQ868536,DENV-1
JX669470,DENV-1
HQ166037,DENV-1
GQ868537,DENV-1
GQ868538,DENV-1
GQ868539,DENV-1
GU131984,DENV-1
KJ189306,DENV-1
KJ189307,DENV-1
KJ189312,DENV-1
KJ189313,DENV-1
KJ189314,DENV-1
JX669471,DENV-1
KJ189315,DENV-1
KJ189316,DENV-1
KJ189317,DENV-1
KJ189318,DENV-1
KJ189319,DENV-1
KJ189320,DENV-1
KJ189321,DENV-1
KJ189322,DENV-1
KJ189323,DENV-1
KJ189324,DENV-1
JX669472,DENV-1
KJ189325,DENV-1
KJ189326,DENV-1
KJ189327,DENV-1
KJ189328,DENV-1
KJ189329,DENV-1
KJ189330,DENV-1
KJ189331,DENV-1
KJ189332,DENV-1
KJ189333,DENV-1
KJ189334,DENV-1
JX669473,DENV-1
KJ189335,DENV-1
KJ189336,DENV-1
KJ189337,DENV-1
KJ189338,DENV-1
KJ189339,DENV-1
KJ189340,DENV-1
KJ189341,DENV-1
KJ189342,DENV-1
KJ189343,DENV-1
KJ189344,DENV-1
JX669474,DENV-1
KJ189345,DENV-1
KJ189346,DENV-1
KJ189347,DENV-1
KJ189348,DENV-1
KJ189349,DENV-1
KJ189368,DENV-1
KJ189369,DENV-1
EU482615,DENV-1
EU482616,DENV-1
EU482617,DENV-1
AB608786,DENV-1
JX669475,DENV-1
EU482618,DENV-1
EU482619,DENV-1
FJ898433,DENV-1
FJ547088,DENV-1
FJ810419,DENV-1
FJ547068,DENV-1
FJ562104,DENV-1
GQ199867,DENV-1
GQ199857,DENV-1
GQ199858,DENV-1
JX669461,DENV-1
GQ199859,DENV-1
JF937644,DENV-1
JQ287666,DENV-1
JF937645,DENV-1
FJ850114,DENV-1
JN819402,DENV-1
FJ850113,DENV-1
JF937635,DENV-1
FJ024483,DENV-1
EU596504,DENV-1
AY277665,DENV-1
FJ024481,DENV-1
GQ199872,DENV-1
FJ410290,DENV-1
FJ024423,DENV-1
FJ024485,DENV-1
FJ547089,DENV-1
FJ024484,DENV-1
EU596503,DENV-1
FJ024479,DENV-1
FJ182002,DENV-1
AY277659,DENV-1
FJ024482,DENV-1
EU596501,DENV-1
FJ898437,DENV-1
FJ024480,DENV-1
GQ199873,DENV-1
FJ873814,DENV-1
GQ199875,DENV-1
JN819403,DENV-1
KF973453,DENV-1
KF973454,DENV-1
AY277666,DENV-1
KF973455,DENV-1
KF973456,DENV-1
KF973457,DENV-1
KF973458,DENV-1
KF973459,DENV-1
KF973460,DENV-1
KF973461,DENV-1
KF973462,DENV-1
KF973463,DENV-1
KF973464,DENV-1
AY277664,DENV-1
KF973465,DENV-1
KF973466,DENV-1
KF973467,DENV-1
KF973468,DENV-1
KF973469,DENV-1
KF973470,DENV-1
KF973471,DENV-1
KF973472,DENV-1
KF973473,DENV-1
KF973474,DENV-1
KF184975,DENV-1
KF973475,DENV-1
FJ898448,DENV-1
GQ868602,DENV-1
KF921911,DENV-1
KJ189350,DENV-1
KJ189351,DENV-1
KJ189352,DENV-1
KJ189353,DENV-1
KJ189354,DENV-1
KJ189355,DENV-1
KJ468234,DENV-1
KJ189356,DENV-1
KJ189357,DENV-1
KJ189358,DENV-1
KJ189359,DENV-1
KJ189360,DENV-1
KJ189361,DENV-1
KJ189362,DENV-1
KJ189363,DENV-1
KJ189364,DENV-1
KJ189365,DENV-1
KP188567,DENV-1
KJ189366,DENV-1
KJ189367,DENV-1
JN819417,DENV-1
FJ687426,DENV-1
FJ687427,DENV-1
FJ687428,DENV-1
FJ687429,DENV-1
FJ850068,DENV-1
FJ687430,DENV-1
FJ687431,DENV-1
KP188568,DENV-1
FJ687432,DENV-1
FJ687433,DENV-1
JQ922547,DENV-1
EU482567,DENV-1
FJ390378,DENV-1
FJ205872,DENV-1
FJ205873,DENV-1
FJ390379,DENV-1
FJ390380,DENV-1
FJ205874,DENV-1
AB608787,DENV-1
KP188542,DENV-1
FJ205875,DENV-1
FJ410173,DENV-1
FJ410174,DENV-1
FJ410175,DENV-1
FJ562105,DENV-1
FJ562106,DENV-1
FJ410179,DENV-1
FJ410181,DENV-1
FJ547086,DENV-1
FJ410183,DENV-1
KP188545,DENV-1
FJ410184,DENV-1
FJ410185,DENV-1
FJ547087,DENV-1
FJ410186,DENV-1
FJ410187,DENV-1
FJ478457,DENV-1
FJ410188,DENV-1
FJ410189,DENV-1
FJ478458,DENV-1
FJ410190,DENV-1
KP188548,DENV-1
EU482591,DENV-1
EU482592,DENV-1
EU482609,DENV-1
EU482610,DENV-1
EU482611,DENV-1
FJ639735,DENV-1
FJ639740,DENV-1
FJ639741,DENV-1
FJ639743,DENV-1
FJ639794,DENV-1
KF971870,DENV-1
FJ639796,DENV-1
FJ639797,DENV-1
FJ639802,DENV-1
FJ744701,DENV-1
JN819410,DENV-1
FJ639806,DENV-1
FJ639808,DENV-1
FJ639811,DENV-1
JN819411,DENV-1
FJ639812,DENV-1
KF971871,DENV-1
FJ639813,DENV-1
JN819412,DENV-1
FJ810415,DENV-1
FJ639814,DENV-1
FJ639815,DENV-1
FJ639818,DENV-1
FJ639819,DENV-1
FJ639820,DENV-1
FJ639821,DENV-1
FJ639823,DENV-1
KF971869,DENV-1
FJ639824,DENV-1
JN819413,DENV-1
JN819425,DENV-1
FJ850099,DENV-1
FJ850100,DENV-1
FJ873809,DENV-1
FJ850101,DENV-1
FJ850102,DENV-1
FJ882579,DENV-1
JN819414,DENV-1
JN903578,DENV-1
FJ873810,DENV-1
FJ850103,DENV-1
FJ850104,DENV-1
JN819405,DENV-1
GQ199877,DENV-1
GU056029,DENV-1
GU056030,DENV-1
GU056031,DENV-1
GU056032,DENV-1
GU056033,DENV-1
JN903579,DENV-1
GU131832,DENV-1
GU131833,DENV-1
GU131834,DENV-1
GU131835,DENV-1
GU131836,DENV-1
GU131837,DENV-1
JN819415,DENV-1
GU131838,DENV-1
GU131839,DENV-1
GU131840,DENV-1
JN903580,DENV-1
GU131841,DENV-1
GU131842,DENV-1
GQ868601,DENV-1
EU660396,DENV-1
EU660390,DENV-1
EU660391,DENV-1
EU660392,DENV-1
EU660393,DENV-1
EU660394,DENV-1
EU660401,DENV-1
JN903581,DENV-1
FJ373305,DENV-1
EU660402,DENV-1
EU660403,DENV-1
EU660397,DENV-1
EU687247,DENV-1
EU660395,DENV-1
EU660412,DENV-1
EU660418,DENV-1
EU677150,DENV-1
EU677151,DENV-1
AB519681,DENV-1
KX380796,DENV-1
EU677152,DENV-1
EU677153,DENV-1
EU677154,DENV-1
EU677155,DENV-1
EU677156,DENV-1
EU677157,DENV-1
EU726777,DENV-1
EU677158,DENV-1
EU677159,DENV-1
EU677160,DENV-1
KX380799,DENV-1
EU677161,DENV-1
EU677162,DENV-1
EU677163,DENV-1
EU677164,DENV-1
EU677165,DENV-1
EU677139,DENV-1
EU677140,DENV-1
EU677166,DENV-1
EU677167,DENV-1
EU677168,DENV-1
KX380800,DENV-1
EU677170,DENV-1
EU726778,DENV-1
EU677171,DENV-1
EU677172,DENV-1
EU677173,DENV-1
EU726779,DENV-1
EU660419,DENV-1
EU677175,DENV-1
EU677176,DENV-1
EU726780,DENV-1
KX380801,DENV-1
EU726781,DENV-1
EU677177,DENV-1
EU726782,DENV-1
EU677178,DENV-1
EU687251,DENV-1
FJ024426,DENV-1
FJ024427,DENV-1
FJ024428,DENV-1
FJ024429,DENV-1
FJ024430,DENV-1
KX380802,DENV-1
FJ024431,DENV-1
FJ024432,DENV-1
FJ024433,DENV-1
FJ024434,DENV-1
FJ024435,DENV-1
FJ024436,DENV-1
FJ024437,DENV-1
FJ024472,DENV-1
FJ024439,DENV-1
FJ024441,DENV-1
KX380797,DENV-1
FJ024442,DENV-1
FJ024443,DENV-1
FJ024444,DENV-1
FJ373296,DENV-1
FJ182018,DENV-1
FJ410287,DENV-1
FJ182019,DENV-1
FJ432719,DENV-1
FJ182020,DENV-1
FJ024445,DENV-1
KX380803,DENV-1
FJ182021,DENV-1
FJ182022,DENV-1
FJ024446,DENV-1
FJ182023,DENV-1
FJ024447,DENV-1
FJ182025,DENV-1
FJ373297,DENV-1
FJ024448,DENV-1
FJ182026,DENV-1
FJ373298,DENV-1
KX380804,DENV-1
FJ182027,DENV-1
FJ390381,DENV-1
FJ182028,DENV-1
FJ024449,DENV-1
FJ182003,DENV-1
FJ182029,DENV-1
FJ390383,DENV-1
FJ024450,DENV-1
FJ182030,DENV-1
FJ182031,DENV-1
KX380805,DENV-1
FJ182032,DENV-1
FJ182033,DENV-1
FJ182034,DENV-1
FJ182036,DENV-1
FJ410289,DENV-1
FJ024453,DENV-1
FJ205876,DENV-1
FJ024455,DENV-1
FJ024456,DENV-1
FJ024457,DENV-1
KX380806,DENV-1
FJ390386,DENV-1
FJ024459,DENV-1
FJ205881,DENV-1
FJ024460,DENV-1
FJ205882,DENV-1
FJ205883,DENV-1
FJ024462,DENV-1
FJ024463,DENV-1
FJ390388,DENV-1
FJ024464,DENV-1
AB189120,DENV-1
KX380798,DENV-1
FJ410191,DENV-1
FJ432723,DENV-1
FJ410192,DENV-1
FJ410194,DENV-1
FJ432725,DENV-1
FJ432727,DENV-1
FJ432729,DENV-1
FJ432730,DENV-1
FJ432732,DENV-1
FJ432733,DENV-1
KJ649286,DENV-1
FJ410196,DENV-1
FJ410197,DENV-1
FJ432734,DENV-1
FJ432735,DENV-1
FJ432736,DENV-1
FJ410198,DENV-1
FJ432737,DENV-1
FJ410199,DENV-1
FJ432738,DENV-1
FJ432739,DENV-1
KF887994,DENV-1
FJ432740,DENV-1
FJ410201,DENV-1
FJ410203,DENV-1
FJ410204,DENV-1
FJ432742,DENV-1
FJ410205,DENV-1
FJ410206,DENV-1
FJ410207,DENV-1
FJ432744,DENV-1
FJ547060,DENV-1
JQ675358,DENV-1
FJ432745,DENV-1
FJ410209,DENV-1
FJ410210,DENV-1
FJ432746,DENV-1
FJ410211,DENV-1
FJ432747,DENV-1
FJ432748,DENV-1
FJ432749,DENV-1
FJ461306,DENV-1
FJ410212,DENV-1
FJ850070,DENV-1
FJ461307,DENV-1
FJ410213,DENV-1
FJ461308,DENV-1
FJ410214,DENV-1
FJ461310,DENV-1
FJ410216,DENV-1
FJ461312,DENV-1
FJ906728,DENV-1
FJ461313,DENV-1
FJ547063,DENV-1
FJ850071,DENV-1
FJ410218,DENV-1
FJ461315,DENV-1
FJ461316,DENV-1
FJ461317,DENV-1
FJ410220,DENV-1
JF937649,DENV-1
FJ410222,DENV-1
FJ461318,DENV-1
FJ461319,DENV-1
FJ461320,DENV-1
FJ850073,DENV-1
FJ410225,DENV-1
FJ410226,DENV-1
FJ410227,DENV-1
FJ859029,DENV-1
FJ547065,DENV-1
FJ410230,DENV-1
FJ410231,DENV-1
FJ461323,DENV-1
FJ461324,DENV-1
FJ461325,DENV-1
FJ850075,DENV-1
FJ410232,DENV-1
FJ461327,DENV-1
FJ461328,DENV-1
FJ410234,DENV-1
FJ410235,DENV-1
FJ410236,DENV-1
FJ410238,DENV-1
FJ410239,DENV-1
FJ410240,DENV-1
FJ410242,DENV-1
FJ850077,DENV-1
FJ410243,DENV-1
FJ410244,DENV-1
FJ410245,DENV-1
FJ461330,DENV-1
FJ410246,DENV-1
FJ410247,DENV-1
FJ410248,DENV-1
FJ410249,DENV-1
FJ410250,DENV-1
FJ410251,DENV-1
FJ850081,DENV-1
FJ410252,DENV-1
FJ410253,DENV-1
FJ410254,DENV-1
FJ461331,DENV-1
FJ410255,DENV-1
FJ410256,DENV-1
FJ410257,DENV-1
FJ461332,DENV-1
FJ410258,DENV-1
FJ461333,DENV-1
AB189121,DENV-1
FJ850084,DENV-1
FJ410260,DENV-1
JF937650,DENV-1
FJ410261,DENV-1
FJ461335,DENV-1
FJ410262,DENV-1
FJ410263,DENV-1
FJ410264,DENV-1
FJ410265,DENV-1
FJ461336,DENV-1
FJ410266,DENV-1
FJ850087,DENV-1
FJ410267,DENV-1
FJ410268,DENV-1
FJ410269,DENV-1
FJ410270,DENV-1
FJ410272,DENV-1
FJ410273,DENV-1
FJ410274,DENV-1
FJ410275,DENV-1
FJ410276,DENV-1
FJ410277,DENV-1
FJ850090,DENV-1
FJ410278,DENV-1
JQ287667,DENV-1
FJ410279,DENV-1
FJ410280,DENV-1
FJ410281,DENV-1
FJ410282,DENV-1
FJ410283,DENV-1
FJ410284,DENV-1
FJ410285,DENV-1
FJ410286,DENV-1
FJ850093,DENV-1
FJ461339,DENV-1
FJ461340,DENV-1
FJ461341,DENV-1
FJ882515,DENV-1
FJ882516,DENV-1
FJ882517,DENV-1
GQ199771,DENV-1
KF921934,DENV-1
JQ287660,DENV-1
JQ287661,DENV-1
GU131863,DENV-1
FJ882518,DENV-1
FJ882519,DENV-1
FJ882520,DENV-1
FJ882521,DENV-1
FJ882523,DENV-1
FJ882524,DENV-1
FJ882525,DENV-1
FJ882526,DENV-1
FJ882527,DENV-1
FJ882528,DENV-1
GQ868559,DENV-1
FJ882529,DENV-1
FJ882530,DENV-1
FJ882531,DENV-1
FJ882532,DENV-1
GQ868605,DENV-1
FJ882533,DENV-1
FJ882534,DENV-1
FJ882535,DENV-1
FJ882536,DENV-1
FJ882537,DENV-1
GQ868560,DENV-1
GQ868606,DENV-1
FJ882538,DENV-1
FJ882539,DENV-1
FJ882541,DENV-1
GQ199772,DENV-1
FJ882542,DENV-1
FJ882543,DENV-1
FJ882544,DENV-1
FJ898371,DENV-1
FJ882545,DENV-1
GQ868561,DENV-1
FJ898372,DENV-1
FJ898373,DENV-1
FJ898374,DENV-1
FJ898375,DENV-1
FJ898376,DENV-1
FJ898377,DENV-1
FJ898378,DENV-1
FJ898379,DENV-1
GQ199773,DENV-1
GQ868607,DENV-1
GU131948,DENV-1
JF937596,DENV-1
FJ906963,DENV-1
FJ906964,DENV-1
FJ906965,DENV-1
FJ898380,DENV-1
FJ898381,DENV-1
FJ898382,DENV-1
FJ898383,DENV-1
FJ898384,DENV-1
FJ898385,DENV-1
GQ868562,DENV-1
GQ868608,DENV-1
GQ199774,DENV-1
GQ199775,DENV-1
JQ287662,DENV-1
FJ882546,DENV-1
KF921935,DENV-1
GQ199776,DENV-1
GQ199777,DENV-1
JQ287663,DENV-1
GQ199778,DENV-1
AB195673,DENV-1
GQ868563,DENV-1
GQ199779,DENV-1
GQ199780,DENV-1
GQ199781,DENV-1
GQ199782,DENV-1
GQ199783,DENV-1
GQ199784,DENV-1
GQ199785,DENV-1
GQ199786,DENV-1
GQ199787,DENV-1
GQ199788,DENV-1
GQ868564,DENV-1
GQ199789,DENV-1
GQ199790,DENV-1
GQ199791,DENV-1
GQ199792,DENV-1
GQ199793,DENV-1
GQ199794,DENV-1
GQ199795,DENV-1
FJ882547,DENV-1
GQ199796,DENV-1
GQ199797,DENV-1
GU131949,DENV-1
GQ199798,DENV-1
GQ199799,DENV-1
GQ199800,DENV-1
FJ882548,DENV-1
GQ199801,DENV-1
GQ199802,DENV-1
JF937597,DENV-1
GQ868609,DENV-1
GQ199803,DENV-1
GQ199804,DENV-1
GQ868565,DENV-1
GQ199805,DENV-1
GQ199806,DENV-1
GQ199807,DENV-1
GQ199808,DENV-1
GQ199809,DENV-1
GQ199810,DENV-1
GQ199811,DENV-1
GQ199812,DENV-1
GQ199813,DENV-1
FJ882549,DENV-1
GQ868566,DENV-1
GQ199814,DENV-1
GQ199815,DENV-1
GQ199816,DENV-1
GQ199817,DENV-1
GQ199818,DENV-1
FJ882550,DENV-1
FJ882551,DENV-1
GQ199819,DENV-1
FJ882552,DENV-1
FJ882553,DENV-1
GQ868567,DENV-1
FJ882554,DENV-1
GQ868610,DENV-1
GQ868611,DENV-1
GQ199820,DENV-1
FJ882555,DENV-1
GQ199821,DENV-1
FJ882556,DENV-1
GQ199822,DENV-1
FJ882557,DENV-1
FJ882558,DENV-1
GQ868568,DENV-1
GQ199823,DENV-1
GQ199824,DENV-1
FJ882559,DENV-1
FJ882560,DENV-1
GQ199826,DENV-1
GQ199827,DENV-1
GQ199828,DENV-1
FJ882561,DENV-1
GQ199829,DENV-1
FJ882562,DENV-1
GQ868569,DENV-1
FJ882563,DENV-1
FJ882564,DENV-1
FJ882565,DENV-1
GQ199830,DENV-1
FJ882566,DENV-1
FJ882567,DENV-1
GQ199831,DENV-1
GQ199832,DENV-1
FJ882568,DENV-1
FJ882569,DENV-1
GQ868570,DENV-1
GQ199833,DENV-1
FJ882570,DENV-1
GQ199834,DENV-1
GQ199835,DENV-1
FJ898386,DENV-1
GQ199836,DENV-1
GQ199837,DENV-1
FJ898387,DENV-1
FJ898388,DENV-1
FJ898389,DENV-1
KJ189302,DENV-1
FJ898390,DENV-1
FJ898391,DENV-1
FJ898392,DENV-1
FJ898393,DENV-1
FJ898394,DENV-1
FJ898395,DENV-1
GQ199838,DENV-1
FJ898396,DENV-1
GQ199839,DENV-1
FJ898397,DENV-1
AB204803,DENV-1
KJ189303,DENV-1
FJ898398,DENV-1
FJ898399,DENV-1
FJ898400,DENV-1
FJ898401,DENV-1
FJ898402,DENV-1
FJ898403,DENV-1
FJ898404,DENV-1
GQ199840,DENV-1
FJ898405,DENV-1
FJ898406,DENV-1
KJ189304,DENV-1
GQ199841,DENV-1
GQ199842,DENV-1
FJ898407,DENV-1
FJ898408,DENV-1
GQ199843,DENV-1
FJ898409,DENV-1
GQ199844,DENV-1
GQ199845,DENV-1
JF937598,DENV-1
GQ199846,DENV-1
JQ922548,DENV-1
GQ199847,DENV-1
GQ199849,DENV-1
FJ898410,DENV-1
FJ898411,DENV-1
FJ898412,DENV-1
GQ199852,DENV-1
FJ898413,DENV-1
FJ898414,DENV-1
FJ898415,DENV-1
GQ199853,DENV-1
JQ922544,DENV-1
GQ199854,DENV-1
FJ898416,DENV-1
FJ898417,DENV-1
GQ868612,DENV-1
GQ199855,DENV-1
FJ898418,DENV-1
FJ898419,DENV-1
FJ898420,DENV-1
FJ898421,DENV-1
FJ898422,DENV-1
JQ922546,DENV-1
FJ898423,DENV-1
GQ868613,DENV-1
FJ898424,DENV-1
FJ898425,DENV-1
FJ898426,DENV-1
GQ199856,DENV-1
FJ898427,DENV-1
FJ898428,DENV-1
FJ898429,DENV-1
FJ898430,DENV-1
JQ922545,DENV-1
JF937599,DENV-1
FJ898431,DENV-1
GU131678,DENV-1
GU131679,DENV-1
JF937600,DENV-1
GU131680,DENV-1
GU131681,DENV-1
GU131682,DENV-1
GU131683,DENV-1
GU131684,DENV-1
GU131887,DENV-1
GU131685,DENV-1
GQ868614,DENV-1
GU131686,DENV-1
GU131687,DENV-1
GU131688,DENV-1
GU131689,DENV-1
GU131690,DENV-1
GU131691,DENV-1
GU131692,DENV-1
GU131693,DENV-1
GU131888,DENV-1
GU131694,DENV-1
GU131695,DENV-1
GU131696,DENV-1
GU131697,DENV-1
GU131698,DENV-1
GU131699,DENV-1
GU131700,DENV-1
GU131701,DENV-1
GU131702,DENV-1
GU131703,DENV-1
GU131889,DENV-1
GU131704,DENV-1
GU131705,DENV-1
GU131706,DENV-1
GU131707,DENV-1
GU131708,DENV-1
GU131709,DENV-1
GU131710,DENV-1
GU131711,DENV-1
GU131712,DENV-1
GU131713,DENV-1
GU131890,DENV-1
GU131714,DENV-1
JF937601,DENV-1
GU131715,DENV-1
GU131716,DENV-1
GU131717,DENV-1
GU131718,DENV-1
GU131719,DENV-1
GU131720,DENV-1
HM181960,DENV-1
HM181961,DENV-1
AF489932,DENV-2
FJ390389,DENV-2
AB543624,DENV-2
AB189122,DENV-2
AB189123,DENV-2
AB189124,DENV-2
LC129170,DENV-2
LC129171,DENV-2
LC129172,DENV-2
AB122020,DENV-2
AB122021,DENV-2
AB122022,DENV-2
LC129169,DENV-2
LC121816,DENV-2
AB479041,DENV-2
AB479042,DENV-2
LC111438,DENV-2
KF744400,DENV-2
KF744401,DENV-2
KF744402,DENV-2
KF744397,DENV-2
KF744408,DENV-2
KF744398,DENV-2
JX669476,DENV-2
JX475906,DENV-2
JX669477,DENV-2
JX669478,DENV-2
KX621247,DENV-2
KX621248,DENV-2
KX621245,DENV-2
KX621246,DENV-2
KU948303,DENV-2
JX669480,DENV-2
JX669481,DENV-2
JX669482,DENV-2
JX669483,DENV-2
JX669484,DENV-2
JX669485,DENV-2
JX669486,DENV-2
JX669487,DENV-2
JX669488,DENV-2
JX669479,DENV-2
KF744403,DENV-2
KF744406,DENV-2
KF744404,DENV-2
KF744407,DENV-2
KF744399,DENV-2
JX286526,DENV-2
JX286516,DENV-2
JX286517,DENV-2
JX286518,DENV-2
JX286519,DENV-2
JX286521,DENV-2
KP188569,DENV-2
KP188549,DENV-2
KP188550,DENV-2
KP188551,DENV-2
KP188552,DENV-2
KP188553,DENV-2
KP188554,DENV-2
KP188555,DENV-2
KP188556,DENV-2
GU369819,DENV-2
JX649147,DENV-2
JX649148,DENV-2
FM210236,DENV-2
FM210214,DENV-2
KF704356,DENV-2
KF704355,DENV-2
KF704354,DENV-2
KF704357,DENV-2
KF704358,DENV-2
KF041232,DENV-2
KF041233,DENV-2
KF041234,DENV-2
KF041235,DENV-2
KF041236,DENV-2
KF041237,DENV-2
KM217156,DENV-2
KX380809,DENV-2
KX380810,DENV-2
KX380811,DENV-2
KX380812,DENV-2
KX380813,DENV-2
KX380814,DENV-2
KX380807,DENV-2
KX380815,DENV-2
KX380816,DENV-2
KX380817,DENV-2
KX380818,DENV-2
KX380819,DENV-2
KX380820,DENV-2
KX380821,DENV-2
KX380822,DENV-2
KX380823,DENV-2
KX380824,DENV-2
KX380825,DENV-2
KX380826,DENV-2
KX380827,DENV-2
KX380828,DENV-2
KX380829,DENV-2
KX380830,DENV-2
KX380831,DENV-2
KX380808,DENV-2
KX380832,DENV-2
KX380833,DENV-2
KX380834,DENV-2
KX380835,DENV-2
KX380836,DENV-2
KX380837,DENV-2
KX380838,DENV-2
KY923048,DENV-2
KM279515,DENV-2
KM279517,DENV-2
KM279518,DENV-2
KM279519,DENV-2
KM279520,DENV-2
KM279581,DENV-2
KM279582,DENV-2
KM279521,DENV-2
KM279522,DENV-2
KM279523,DENV-2
KM279524,DENV-2
KM279525,DENV-2
KM279526,DENV-2
KM279528,DENV-2
KM279530,DENV-2
KM279532,DENV-2
KM279533,DENV-2
KM279535,DENV-2
KM279537,DENV-2
KM279588,DENV-2
KM279538,DENV-2
KM279539,DENV-2
KM279542,DENV-2
KM279543,DENV-2
KM279571,DENV-2
KM279544,DENV-2
KM279549,DENV-2
KM279550,DENV-2
KM279551,DENV-2
KM279552,DENV-2
KM279590,DENV-2
KM279555,DENV-2
KM279556,DENV-2
KM279557,DENV-2
KM279591,DENV-2
KM279597,DENV-2
KM279592,DENV-2
KM279558,DENV-2
KM279560,DENV-2
KM279561,DENV-2
KM279593,DENV-2
KM279562,DENV-2
KM279594,DENV-2
KM279564,DENV-2
KM279595,DENV-2
KM279566,DENV-2
KM279572,DENV-2
KM279573,DENV-2
KM279568,DENV-2
KM279569,DENV-2
KM279575,DENV-2
KM279570,DENV-2
GU131843,DENV-2
FJ850072,DENV-2
JN819419,DENV-2
FJ850074,DENV-2
FJ850076,DENV-2
GQ868640,DENV-2
FJ850078,DENV-2
FJ850082,DENV-2
FJ850085,DENV-2
FJ850088,DENV-2
FJ850091,DENV-2
GQ199890,DENV-2
GQ868549,DENV-2
GQ868550,DENV-2
GQ868551,DENV-2
GU131864,DENV-2
HM181971,DENV-2
GU131879,DENV-2
GU131880,DENV-2
GU131881,DENV-2
GU131882,DENV-2
GU131883,DENV-2
GU131884,DENV-2
GU131885,DENV-2
FJ898461,DENV-2
FJ024473,DENV-2
FJ024474,DENV-2
FJ024475,DENV-2
FJ182012,DENV-2
EU854293,DENV-2
EU854294,DENV-2
FJ024477,DENV-2
GQ868592,DENV-2
GQ868552,DENV-2
GQ868553,DENV-2
GQ868554,DENV-2
GQ868555,DENV-2
GQ868556,DENV-2
GQ868557,DENV-2
GU131947,DENV-2
GQ868558,DENV-2
KJ189305,DENV-2
FJ898451,DENV-2
HM488257,DENV-2
HQ999999,DENV-2
FJ898449,DENV-2
FJ906966,DENV-2
FJ906968,DENV-2
FJ906969,DENV-2
FJ898454,DENV-2
JQ922551,DENV-2
JQ922550,DENV-2
JQ922553,DENV-2
JQ922549,DENV-2
JQ922552,DENV-2
GU131896,DENV-2
GU131897,DENV-2
GQ868631,DENV-2
GU131898,DENV-2
GU131899,DENV-2
GU131900,DENV-2
GU131901,DENV-2
GU131902,DENV-2
GU131924,DENV-2
GQ868638,DENV-2
GU131927,DENV-2
GU131928,DENV-2
GU131929,DENV-2
GU131930,DENV-2
GU131931,DENV-2
GU131932,DENV-2
GQ199892,DENV-2
KP406804,DENV-2
JF730044,DENV-2
FJ639697,DENV-2
FJ639698,DENV-2
FJ639699,DENV-2
FJ639700,DENV-2
FJ639701,DENV-2
GQ868620,DENV-2
FJ639702,DENV-2
FJ639703,DENV-2
GQ868621,DENV-2
FJ639704,DENV-2
GQ868622,DENV-2
FJ639705,DENV-2
FJ639706,DENV-2
FJ639707,DENV-2
FJ639708,DENV-2
FJ639709,DENV-2
FJ639710,DENV-2
FJ639711,DENV-2
GQ868623,DENV-2
GQ868624,DENV-2
FJ639717,DENV-2
FJ639718,DENV-2
GQ868625,DENV-2
JF730045,DENV-2
KF955401,DENV-2
JF730046,DENV-2
JF730047,DENV-2
JF730048,DENV-2
KF955402,DENV-2
FJ898460,DENV-2
FJ882602,DENV-2
GQ252676,DENV-2
GQ252677,DENV-2
FJ898438,DENV-2
GQ199893,DENV-2
GQ199894,DENV-2
FJ898439,DENV-2
GQ868588,DENV-2
GQ868589,DENV-2
GQ868590,DENV-2
GQ868497,DENV-2
GU131959,DENV-2
GQ868515,DENV-2
GQ868516,DENV-2
GU131974,DENV-2
GU131975,DENV-2
KF955395,DENV-2
JN819422,DENV-2
GU131955,DENV-2
KJ189308,DENV-2
KJ189309,DENV-2
KJ189310,DENV-2
KJ189311,DENV-2
KJ189370,DENV-2
EU482620,DENV-2
EU482621,DENV-2
EU569692,DENV-2
EU569693,DENV-2
FJ373300,DENV-2
EU596495,DENV-2
EU660404,DENV-2
FJ850116,DENV-2
EU482622,DENV-2
EU596496,DENV-2
EU660405,DENV-2
EU596497,DENV-2
EU569695,DENV-2
FJ373301,DENV-2
EU569696,DENV-2
EU660406,DENV-2
EU569697,DENV-2
EU482623,DENV-2
EU596498,DENV-2
EU569698,DENV-2
FJ478459,DENV-2
EU596499,DENV-2
EU569699,DENV-2
KF955366,DENV-2
EU569700,DENV-2
EU569701,DENV-2
EU621672,DENV-2
KF955369,DENV-2
EU569702,DENV-2
EU482624,DENV-2
EU596500,DENV-2
EU482625,DENV-2
FJ410291,DENV-2
EU482626,DENV-2
EU482627,DENV-2
EU482628,DENV-2
FJ639833,DENV-2
EU482629,DENV-2
FJ390390,DENV-2
FJ390391,DENV-2
FJ882593,DENV-2
FJ182014,DENV-2
FJ898432,DENV-2
FJ547090,DENV-2
EU482630,DENV-2
FJ882594,DENV-2
FJ205885,DENV-2
FJ744743,DENV-2
JN819424,DENV-2
FJ744741,DENV-2
FJ744742,DENV-2
FJ744703,DENV-2
FJ850067,DENV-2
FJ850060,DENV-2
FJ850061,DENV-2
FJ744709,DENV-2
FJ744708,DENV-2
FJ810418,DENV-2
FJ639834,DENV-2
FJ639835,DENV-2
FJ850050,DENV-2
FJ639836,DENV-2
FJ639837,DENV-2
FJ744706,DENV-2
FJ744707,DENV-2
FJ744704,DENV-2
FJ744745,DENV-2
FJ744705,DENV-2
FJ744744,DENV-2
GQ199866,DENV-2
GQ868646,DENV-2
FJ906960,DENV-2
FJ906961,DENV-2
FJ906962,DENV-2
FJ850053,DENV-2
HQ541786,DENV-2
HQ733861,DENV-2
JF357905,DENV-2
FJ850051,DENV-2
JN819420,DENV-2
FJ850117,DENV-2
FJ850118,DENV-2
FJ850062,DENV-2
FJ850063,DENV-2
JN819416,DENV-2
FJ850119,DENV-2
FJ850064,DENV-2
FJ850065,DENV-2
FJ850066,DENV-2
FJ873808,DENV-2
FJ850120,DENV-2
FJ850121,DENV-2
GQ199897,DENV-2
GQ199896,DENV-2
GQ199895,DENV-2
FJ898434,DENV-2
FJ898479,DENV-2
FJ898477,DENV-2
FJ898478,DENV-2
GQ199868,DENV-2
JN819421,DENV-2
GQ199869,DENV-2
GQ199898,DENV-2
HQ541787,DENV-2
HQ634199,DENV-2
HQ541788,DENV-2
JX079688,DENV-2
HQ541792,DENV-2
JF357906,DENV-2
JX079690,DENV-2
HM631865,DENV-2
HM631866,DENV-2
HQ541793,DENV-2
JX079694,DENV-2
HQ541794,DENV-2
JF357907,DENV-2
HQ705624,DENV-2
HQ705625,DENV-2
JF730051,DENV-2
JF730052,DENV-2
EU482748,DENV-2
EU482749,DENV-2
EU482750,DENV-2
EU482751,DENV-2
GQ868604,DENV-2
EU482752,DENV-2
EU482753,DENV-2
EU482770,DENV-2
FJ226066,DENV-2
EU482680,DENV-2
EU482754,DENV-2
EU482755,DENV-2
FJ478455,DENV-2
EU482756,DENV-2
EU482757,DENV-2
FJ906956,DENV-2
EU482759,DENV-2
EU482760,DENV-2
EU482681,DENV-2
EU482761,DENV-2
EU482762,DENV-2
EU482763,DENV-2
EU482771,DENV-2
EU482682,DENV-2
EU482444,DENV-2
EU482772,DENV-2
EU482773,DENV-2
EU482684,DENV-2
EU482685,DENV-2
EU482686,DENV-2
EU482687,DENV-2
EU482688,DENV-2
EU482689,DENV-2
EU482690,DENV-2
EU482691,DENV-2
EU482692,DENV-2
EU482693,DENV-2
EU482694,DENV-2
EU596483,DENV-2
EU482597,DENV-2
EU482598,DENV-2
EU482603,DENV-2
EU482599,DENV-2
EU482600,DENV-2
FJ898436,DENV-2
EU482634,DENV-2
FJ850115,DENV-2
EU482635,DENV-2
KF955362,DENV-2
EU482637,DENV-2
EU482601,DENV-2
GQ199874,DENV-2
EU482631,DENV-2
EU482639,DENV-2
EU482766,DENV-2
EU482695,DENV-2
EU482769,DENV-2
EU482696,DENV-2
KC294200,DENV-2
KC294201,DENV-2
KC294202,DENV-2
KC294203,DENV-2
KC294204,DENV-2
KC294207,DENV-2
KC294208,DENV-2
KC294209,DENV-2
KC294212,DENV-2
KC294213,DENV-2
KC294214,DENV-2
KC294205,DENV-2
KC294206,DENV-2
KC294210,DENV-2
KC294215,DENV-2
KC294217,DENV-2
KC294216,DENV-2
KC294218,DENV-2
KC294219,DENV-2
KC294220,DENV-2
KC294221,DENV-2
KC294222,DENV-2
KC294223,DENV-2
FJ906959,DENV-2
KF360005,DENV-2
KJ010185,DENV-2
KJ010186,DENV-2
KF955364,DENV-2
KF955372,DENV-2
KF955373,DENV-2
GQ868600,DENV-2
KF955359,DENV-2
KF955360,DENV-2
KF955363,DENV-2
KJ701507,DENV-2
EU726767,DENV-2
EU687246,DENV-2
FJ639828,DENV-2
FJ639829,DENV-2
FJ639830,DENV-2
FJ639831,DENV-2
FJ639832,DENV-2
FJ687434,DENV-2
FJ687437,DENV-2
FJ687438,DENV-2
FJ687439,DENV-2
FJ687440,DENV-2
FJ810409,DENV-2
FJ687441,DENV-2
FJ687442,DENV-2
FJ687443,DENV-2
FJ687444,DENV-2
FJ687445,DENV-2
FJ810410,DENV-2
FJ687446,DENV-2
FJ687447,DENV-2
FJ744710,DENV-2
FJ744711,DENV-2
FJ810411,DENV-2
FJ744713,DENV-2
FJ810412,DENV-2
FJ744714,DENV-2
FJ744715,DENV-2
FJ744716,DENV-2
FJ744717,DENV-2
FJ744718,DENV-2
FJ744719,DENV-2
FJ744720,DENV-2
FJ744721,DENV-2
FJ744722,DENV-2
FJ744723,DENV-2
FJ744724,DENV-2
FJ744725,DENV-2
FJ906957,DENV-2
FJ906958,DENV-2
FJ898452,DENV-2
GQ868591,DENV-2
GQ868542,DENV-2
GQ868544,DENV-2
GQ868545,DENV-2
GQ868543,DENV-2
GU131886,DENV-2
HQ891023,DENV-2
HQ891024,DENV-2
GQ199899,DENV-2
GQ199900,DENV-2
GQ199901,DENV-2
EU482544,DENV-2
EU482545,DENV-2
EU482546,DENV-2
EU482547,DENV-2
EU482548,DENV-2
EU482549,DENV-2
EU482550,DENV-2
EU482551,DENV-2
EU482552,DENV-2
EU482553,DENV-2
EU482554,DENV-2
EU482556,DENV-2
EU529693,DENV-2
EU482557,DENV-2
EU482560,DENV-2
EU482561,DENV-2
EU569703,DENV-2
EU529694,DENV-2
EU529695,DENV-2
EU482562,DENV-2
EU660398,DENV-2
EU482565,DENV-2
EU529700,DENV-2
EU529701,DENV-2
EU569704,DENV-2
EU482568,DENV-2
EU482569,DENV-2
EU482570,DENV-2
EU482571,DENV-2
EU482572,DENV-2
EU482573,DENV-2
EU482574,DENV-2
EU482575,DENV-2
EU482576,DENV-2
EU482578,DENV-2
EU482579,DENV-2
EU482580,DENV-2
EU482581,DENV-2
EU482582,DENV-2
EU482583,DENV-2
EU482584,DENV-2
EU482585,DENV-2
EU482586,DENV-2
EU482587,DENV-2
EU482588,DENV-2
EU569705,DENV-2
EU482589,DENV-2
EU569706,DENV-2
EU569707,DENV-2
EU660399,DENV-2
EU569708,DENV-2
EU569709,DENV-2
EU596485,DENV-2
EU569710,DENV-2
EU596486,DENV-2
EU687212,DENV-2
EU660400,DENV-2
EU569711,DENV-2
EU569712,DENV-2
EU596487,DENV-2
EU569713,DENV-2
EU569714,DENV-2
EU569715,DENV-2
EU569716,DENV-2
EU569717,DENV-2
EU569718,DENV-2
EU569719,DENV-2
EU569720,DENV-2
EU596488,DENV-2
EU596489,DENV-2
EU596490,DENV-2
EU596491,DENV-2
EU677141,DENV-2
EU677142,DENV-2
EU677143,DENV-2
EU677144,DENV-2
EU677145,DENV-2
EU677146,DENV-2
EU677147,DENV-2
EU687213,DENV-2
EU687214,DENV-2
EU687215,DENV-2
EU687216,DENV-2
EU726770,DENV-2
EU687217,DENV-2
EU781135,DENV-2
EU687222,DENV-2
EU687223,DENV-2
EU687224,DENV-2
EU687227,DENV-2
EU687228,DENV-2
EU687229,DENV-2
EU687230,DENV-2
EU687231,DENV-2
EU687232,DENV-2
EU687199,DENV-2
EU687235,DENV-2
EU687236,DENV-2
EU687237,DENV-2
EU687238,DENV-2
EU687240,DENV-2
EU687241,DENV-2
EU687242,DENV-2
EU687243,DENV-2
EU687244,DENV-2
EU687245,DENV-2
HQ541798,DENV-2
HQ541799,DENV-2
JN796245,DENV-2
JF730053,DENV-2
JF730050,DENV-2
JF730054,DENV-2
JF730055,DENV-2
EU529706,DENV-2
EU482719,DENV-2
EU482720,DENV-2
EU482721,DENV-2
EU482722,DENV-2
EU482723,DENV-2
EU482724,DENV-2
EU482725,DENV-2
EU482726,DENV-2
EU482727,DENV-2
EU482728,DENV-2
EU482729,DENV-2
EU482730,DENV-2
EU482731,DENV-2
EU482732,DENV-2
EU482733,DENV-2
EU482734,DENV-2
EU482735,DENV-2
EU482736,DENV-2
EU482737,DENV-2
EU482738,DENV-2
EU482739,DENV-2
EU482740,DENV-2
EU482741,DENV-2
EU482742,DENV-2
EU482743,DENV-2
EU482744,DENV-2
EU482745,DENV-2
EU482746,DENV-2
EU482747,DENV-2
EU482590,DENV-2
EU482593,DENV-2
EU482594,DENV-2
EU482604,DENV-2
EU482605,DENV-2
EU482606,DENV-2
EU482607,DENV-2
EU482608,DENV-2
KF955365,DENV-2
GQ868641,DENV-2
EU687220,DENV-2
EU726775,DENV-2
FJ639732,DENV-2
FJ639733,DENV-2
FJ639734,DENV-2
JN819408,DENV-2
FJ639783,DENV-2
FJ639788,DENV-2
FJ639809,DENV-2
FJ639822,DENV-2
FJ850112,DENV-2
FJ850105,DENV-2
FJ850106,DENV-2
FJ850107,DENV-2
FJ850108,DENV-2
JN819407,DENV-2
FJ898465,DENV-2
FJ898466,DENV-2
FJ898467,DENV-2
GQ868595,DENV-2
GQ868596,DENV-2
GQ868598,DENV-2
GQ868599,DENV-2
GQ868540,DENV-2
GQ868541,DENV-2
GQ868603,DENV-2
FJ898450,DENV-2
FJ898453,DENV-2
EU482445,DENV-2
EU482446,DENV-2
EU482447,DENV-2
EU482448,DENV-2
EU482449,DENV-2
EU482450,DENV-2
EU569721,DENV-2
EU482451,DENV-2
EU660413,DENV-2
EU660414,DENV-2
EU687248,DENV-2
EU660415,DENV-2
EU687249,DENV-2
EU660416,DENV-2
EU726776,DENV-2
EU660417,DENV-2
EU677137,DENV-2
EU677138,DENV-2
EU677148,DENV-2
EU677149,DENV-2
EU687250,DENV-2
FJ410288,DENV-2
FJ024452,DENV-2
FJ205877,DENV-2
FJ024454,DENV-2
FJ390384,DENV-2
FJ205878,DENV-2
FJ205879,DENV-2
FJ390385,DENV-2
FJ024458,DENV-2
FJ205880,DENV-2
FJ390387,DENV-2
FJ024461,DENV-2
FJ373299,DENV-2
FJ410193,DENV-2
FJ410195,DENV-2
FJ432724,DENV-2
FJ432726,DENV-2
JF730049,DENV-2
FJ562098,DENV-2
FJ859028,DENV-2
FJ410200,DENV-2
FJ410202,DENV-2
FJ410208,DENV-2
FJ461305,DENV-2
FJ410215,DENV-2
FJ461309,DENV-2
FJ461311,DENV-2
FJ410217,DENV-2
FJ410219,DENV-2
FJ461314,DENV-2
FJ410221,DENV-2
FJ547064,DENV-2
FJ410223,DENV-2
FJ410224,DENV-2
FJ461321,DENV-2
FJ410228,DENV-2
FJ410233,DENV-2
FJ410237,DENV-2
FJ410241,DENV-2
FJ410259,DENV-2
FJ547067,DENV-2
JN819418,DENV-2
EU482640,DENV-2
EU482641,DENV-2
EU482642,DENV-2
EU482643,DENV-2
EU482644,DENV-2
EU482645,DENV-2
EU482646,DENV-2
EU482647,DENV-2
EU482648,DENV-2
EU482649,DENV-2
EU482650,DENV-2
EU482651,DENV-2
EU482652,DENV-2
EU482653,DENV-2
EU482654,DENV-2
EU482655,DENV-2
EU482656,DENV-2
EU482657,DENV-2
EU482658,DENV-2
EU482659,DENV-2
EU482660,DENV-2
EU482661,DENV-2
EU482662,DENV-2
EU482663,DENV-2
EU482664,DENV-2
EU482665,DENV-2
EU482666,DENV-2
EU482667,DENV-2
EU482668,DENV-2
EU482669,DENV-2
EU482670,DENV-2
EU482671,DENV-2
EU482672,DENV-2
EU482673,DENV-2
EU482674,DENV-2
EU482675,DENV-2
EU482676,DENV-2
EU482677,DENV-2
EU482678,DENV-2
EU482679,DENV-2
EU482774,DENV-2
EU482775,DENV-2
EU482776,DENV-2
EU482777,DENV-2
EU482778,DENV-2
EU482779,DENV-2
EU482780,DENV-2
EU482781,DENV-2
EU482782,DENV-2
EU482783,DENV-2
EU482784,DENV-2
EU482785,DENV-2
EU482786,DENV-2
EU482787,DENV-2
EU482788,DENV-2
EU482697,DENV-2
EU482698,DENV-2
EU482699,DENV-2
EU482700,DENV-2
EU482701,DENV-2
EU482702,DENV-2
EU482703,DENV-2
EU482704,DENV-2
EU482705,DENV-2
EU482463,DENV-2
EU482464,DENV-2
EU482465,DENV-2
EU482466,DENV-2
EU482467,DENV-2
FJ873811,DENV-2
EU482468,DENV-2
EU482469,DENV-2
EU482470,DENV-2
EU482471,DENV-2
EU482472,DENV-2
EU482473,DENV-2
EU482474,DENV-2
EU482475,DENV-2
EU482541,DENV-2
EU482542,DENV-2
EU482543,DENV-2
JX966380,DENV-2
JX966379,DENV-2
KP012546,DENV-2
KT187558,DENV-2
KP723478,DENV-2
KP723479,DENV-2
KT187553,DENV-2
KT187554,DENV-2
KT187555,DENV-2
KT187556,DENV-2
KT187557,DENV-2
JQ045670,DENV-2
JQ045676,DENV-2
JQ045678,DENV-2
JQ045684,DENV-2
JQ045686,DENV-2
KU094070,DENV-2
FM210215,DENV-2
FM210216,DENV-2
FM210217,DENV-2
FM210218,DENV-2
FM210237,DENV-2
FM210219,DENV-2
FM210220,DENV-2
FM210221,DENV-2
FM210208,DENV-2
FM210209,DENV-2
FM210210,DENV-2
FM210222,DENV-2
FM210202,DENV-2
FM210223,DENV-2
FM210203,DENV-2
FM210211,DENV-2
JX286524,DENV-2
JX286522,DENV-2
JX286520,DENV-2
JX286525,DENV-2
JX286523,DENV-2
FJ467493,DENV-2
KM279598,DENV-2
KM279599,DENV-2
KM279576,DENV-2
KM279577,DENV-2
KM279578,DENV-2
KM279601,DENV-2
KM279579,DENV-2
EU920835,DENV-2
EU920847,DENV-2
EU920848,DENV-2
EU920831,DENV-2
EU920834,DENV-2
EU920828,DENV-2
EU920830,DENV-2
EU920833,DENV-2
EU920844,DENV-2
EU920845,DENV-2
EU920829,DENV-2
EU920846,DENV-2
EU920832,DENV-2
EU920840,DENV-2
FJ196852,DENV-2
FJ196853,DENV-2
FJ196854,DENV-2
FJ196851,DENV-2
EU920850,DENV-2
EU920849,DENV-2
KM587709,DENV-2
DQ448231,DENV-2
JX470186,DENV-2
KX225485,DENV-2
KX655787,DENV-2
KX225486,DENV-2
KX655788,DENV-2
KU517846,DENV-2
KJ830750,DENV-2
EU920837,DENV-2
EU920836,DENV-2
EU920843,DENV-2
EU920841,DENV-2
FM210231,DENV-2
FM210239,DENV-2
FM210232,DENV-2
FM210233,DENV-2
FM210240,DENV-2
FM210241,DENV-2
FM210242,DENV-2
FM210243,DENV-2
FM210244,DENV-2
FM210234,DENV-2
FM210213,DENV-2
FM210235,DENV-2
FM210245,DENV-2
FM210205,DENV-2
FM210206,DENV-2
FM210246,DENV-2
FM210207,DENV-2
FM210238,DENV-2
FM210224,DENV-2
FM210225,DENV-2
FM210226,DENV-2
FM210227,DENV-2
FM210212,DENV-2
FM210204,DENV-2
FM210228,DENV-2
FM210229,DENV-2
FM210230,DENV-2
KC762665,DENV-2
KC762669,DENV-2
KC762658,DENV-2
KC762660,DENV-2
KC762670,DENV-2
KC762676,DENV-2
KC762662,DENV-2
KC762661,DENV-2
KC762655,DENV-2
KC762656,DENV-2
KC762673,DENV-2
KC762663,DENV-2
KC762675,DENV-2
KC762671,DENV-2
KC762664,DENV-2
KC762674,DENV-2
KC762672,DENV-2
KC762667,DENV-2
KC762659,DENV-2
KC762657,DENV-2
KC762666,DENV-2
KC762677,DENV-2
KC762668,DENV-2
KC762678,DENV-2
KC762679,DENV-2
KC762680,DENV-2
JQ955624,DENV-2
KJ918750,DENV-2
KU517845,DENV-2
KU517847,DENV-2
KY427084,DENV-2
KY427085,DENV-2
JQ955623,DENV-2
KR779786,DENV-2
KR779782,DENV-2
KY921905,DENV-2
KY921904,DENV-2
JN851113,DENV-2
GU370050,DENV-2
JN851119,DENV-2
JN851129,DENV-2
JN851128,DENV-2
JN851130,DENV-2
JN851125,DENV-2
JN851123,DENV-2
JN851118,DENV-2
JN851117,DENV-2
JN851124,DENV-2
JN851114,DENV-2
JN851126,DENV-2
JN851121,DENV-2
JN851115,DENV-2
JN851127,DENV-2
JN851120,DENV-2
JN851131,DENV-2
JN851122,DENV-2
JN851116,DENV-2
GU370051,DENV-2
EU920838,DENV-2
EU920842,DENV-2
MF459663,DENV-2
EU359009,DENV-2
KC131142,DENV-2
KU725663,DENV-2
KY627763,DENV-2
KY627762,DENV-2
AY858035,DENV-2
JX073928,DENV-2
HQ026763,DENV-2
HM582107,DENV-2
HM582104,DENV-2
HM582105,DENV-2
HM582106,DENV-2
HM582099,DENV-2
HM582101,DENV-2
HM582100,DENV-2
HM582102,DENV-2
HM582103,DENV-2
HM582110,DENV-2
HM582108,DENV-2
HM582109,DENV-2
HM582117,DENV-2
HM582111,DENV-2
HM582112,DENV-2
HM582113,DENV-2
HM582114,DENV-2
HM582115,DENV-2
HM582116,DENV-2
KU365903,DENV-2
KU365901,DENV-2
KU365902,DENV-2
GQ398258,DENV-2
GQ398259,DENV-2
GQ398268,DENV-2
GQ398263,DENV-2
GQ398264,DENV-2
GQ398260,DENV-2
GQ398262,DENV-2
GQ398261,DENV-2
GQ398257,DENV-2
GQ398288,DENV-2
GQ398313,DENV-2
GQ398285,DENV-2
GQ398314,DENV-2
GQ398295,DENV-2
GQ398271,DENV-2
GQ398298,DENV-2
GQ398301,DENV-2
GQ398307,DENV-2
GQ398309,DENV-2
GQ398297,DENV-2
GQ398306,DENV-2
GQ398274,DENV-2
GQ398279,DENV-2
GQ398299,DENV-2
GQ398276,DENV-2
GQ398281,DENV-2
GQ398312,DENV-2
GQ398291,DENV-2
GQ398270,DENV-2
GQ398289,DENV-2
GQ398290,DENV-2
GQ398275,DENV-2
GQ398303,DENV-2
GQ398282,DENV-2
GQ398284,DENV-2
GQ398283,DENV-2
GQ398277,DENV-2
GQ398280,DENV-2
GQ398308,DENV-2
GQ398278,DENV-2
GQ398286,DENV-2
GQ398293,DENV-2
GQ398296,DENV-2
GQ398294,DENV-2
GQ398287,DENV-2
GQ398302,DENV-2
GQ398310,DENV-2
GQ398272,DENV-2
GQ398304,DENV-2
GQ398269,DENV-2
GQ398305,DENV-2
GQ398311,DENV-2
GQ398292,DENV-2
GQ398273,DENV-2
GQ398300,DENV-2
GQ398267,DENV-2
GQ398266,DENV-2
GQ398265,DENV-2
JF327392,DENV-2
KU509272,DENV-2
KU509277,DENV-2
KU509271,DENV-2
KU509267,DENV-2
KU509273,DENV-2
KU509274,DENV-2
KU509275,DENV-2
KU509276,DENV-2
KU509268,DENV-2
KU509269,DENV-2
KU509270,DENV-2
KX702403,DENV-2
KY415992,DENV-2
KX702404,DENV-2
KM204118,DENV-2
KU725664,DENV-2
KJ734727,DENV-2
KF479233,DENV-2
KX372564,DENV-2
KX274130,DENV-2
GU289914,DENV-2
AY858036,DENV-2
KX452021,DENV-2
KX452022,DENV-2
KX452024,DENV-2
KX452025,DENV-2
KX452026,DENV-2
KX452027,DENV-2
KX452028,DENV-2
KX452029,DENV-2
KX452030,DENV-2
KX452031,DENV-2
KX452032,DENV-2
KX452033,DENV-2
KX452015,DENV-2
KX452035,DENV-2
KX452037,DENV-2
KX452038,DENV-2
KX452039,DENV-2
KX452040,DENV-2
KX452041,DENV-2
KX452042,DENV-2
KX452043,DENV-2
KX452045,DENV-2
KX452046,DENV-2
KX452016,DENV-2
KX452017,DENV-2
KX452018,DENV-2
KX452019,DENV-2
KX452020,DENV-2
HQ332184,DENV-2
HQ332185,DENV-2
HQ332190,DENV-2
HQ332186,DENV-2
HQ332187,DENV-2
HQ332188,DENV-2
HQ332189,DENV-2
KR920365,DENV-2
JN368476,DENV-2
KY586571,DENV-2
KY586572,DENV-2
KY586573,DENV-2
KY586574,DENV-2
KY586576,DENV-2
KY586578,DENV-2
KY586591,DENV-2
KY586598,DENV-2
KY586604,DENV-2
KY586605,DENV-2
KY586552,DENV-2
KY586606,DENV-2
KY586607,DENV-2
KY586610,DENV-2
KY586617,DENV-2
KY586618,DENV-2
KY586619,DENV-2
KY586634,DENV-2
KY586560,DENV-2
KY586641,DENV-2
KY586647,DENV-2
KY586649,DENV-2
KY586651,DENV-2
KY586652,DENV-2
KY586653,DENV-2
KY586654,DENV-2
KY586655,DENV-2
KY586659,DENV-2
KY586563,DENV-2
KY586660,DENV-2
KY586662,DENV-2
KY586663,DENV-2
KY586664,DENV-2
KY586665,DENV-2
KY586564,DENV-2
KY586672,DENV-2
KY586674,DENV-2
KY586675,DENV-2
KY586679,DENV-2
KY586681,DENV-2
KY586684,DENV-2
KY586687,DENV-2
KY586688,DENV-2
KY586689,DENV-2
KY586692,DENV-2
JF260983,DENV-2
M19197,DENV-2
U87411,DENV-2
AF119661,DENV-2
M20558,DENV-2
M29095,DENV-2
EU056812,DENV-2
EU056810,DENV-2
EU179858,DENV-2
EU179859,DENV-2
EU179857,DENV-2
EF105389,DENV-2
EF105390,DENV-2
EF105382,DENV-2
EF105381,DENV-2
EF105380,DENV-2
EF105383,DENV-2
EF105386,DENV-2
EF105385,DENV-2
EF457904,DENV-2
EF105384,DENV-2
EF105387,DENV-2
EU003591,DENV-2
EF105388,DENV-2
EU056811,DENV-2
EF105379,DENV-2
U87412,DENV-2
DQ645543,DENV-2
DQ645544,DENV-2
DQ645545,DENV-2
DQ645546,DENV-2
AF100469,DENV-2
DQ645547,DENV-2
DQ645548,DENV-2
DQ645549,DENV-2
DQ645550,DENV-2
DQ645551,DENV-2
DQ645552,DENV-2
DQ645553,DENV-2
DQ645554,DENV-2
DQ645555,DENV-2
DQ645556,DENV-2
AF204178,DENV-2
AF204177,DENV-2
DQ645540,DENV-2
DQ645541,DENV-2
DQ645542,DENV-2
AF100463,DENV-2
AF100464,DENV-2
AF100461,DENV-2
AF100462,DENV-2
AY702036,DENV-2
AY702034,DENV-2
AY702038,DENV-2
AY702039,DENV-2
AY702035,DENV-2
AY702037,DENV-2
EU081177,DENV-2
EU081178,DENV-2
EU081179,DENV-2
EU081180,DENV-2
AF208496,DENV-2
AF276619,DENV-2
AF359579,DENV-2
AY702040,DENV-2
AF100467,DENV-2
AF100468,DENV-2
AF100459,DENV-2
AF100460,DENV-2
AF100466,DENV-2
AF038403,DENV-2
AF038402,DENV-2
EF105378,DENV-2
AY037116,DENV-2
AY776328,DENV-2
DQ181799,DENV-2
DQ181802,DENV-2
DQ181806,DENV-2
DQ181798,DENV-2
DQ181797,DENV-2
DQ181805,DENV-2
DQ181800,DENV-2
DQ181801,DENV-2
DQ181803,DENV-2
DQ181804,DENV-2
AF022435,DENV-2
AF022436,DENV-2
AF022434,DENV-2
AF022437,DENV-2
AF022438,DENV-2
AF022439,DENV-2
AF022440,DENV-2
AF022441,DENV-2
AF169678,DENV-2
AF169679,DENV-2
AF169680,DENV-2
AF169682,DENV-2
AF169681,DENV-2
AF169683,DENV-2
AF169684,DENV-2
AF169685,DENV-2
AF169686,DENV-2
AF169687,DENV-2
AF169688,DENV-2
AF100465,DENV-2
EF051521,DENV-2
AY744147,DENV-2
M93130,DENV-3
AB189125,DENV-3
AB189126,DENV-3
AB189127,DENV-3
AB189128,DENV-3
AB214879,DENV-3
AB214880,DENV-3
AB214881,DENV-3
AB214882,DENV-3
EU367962,DENV-3
JX669489,DENV-3
JX669498,DENV-3
KF954946,DENV-3
KF954947,DENV-3
KF954948,DENV-3
KF954949,DENV-3
KF954945,DENV-3
JX669495,DENV-3
JX669499,DENV-3
KY863456,DENV-3
JX669492,DENV-3
JX669500,DENV-3
JX669497,DENV-3
JX669501,DENV-3
JX669494,DENV-3
JX669502,DENV-3
JX669503,DENV-3
JX669493,DENV-3
JX669504,DENV-3
JX669505,DENV-3
JX669506,DENV-3
JX669507,DENV-3
JX669508,DENV-3
JX669496,DENV-3
JX669491,DENV-3
JX669490,DENV-3
JN406515,DENV-3
JN406514,DENV-3
KT726340,DENV-3
KT726345,DENV-3
KT726349,DENV-3
KT726346,DENV-3
KT726347,DENV-3
KT726361,DENV-3
KT726348,DENV-3
KT726350,DENV-3
KT726352,DENV-3
KT726353,DENV-3
KT726354,DENV-3
KT726355,DENV-3
KT726356,DENV-3
KT726357,DENV-3
KT726358,DENV-3
KT726342,DENV-3
KT726343,DENV-3
KT726351,DENV-3
KT726344,DENV-3
KT726360,DENV-3
KF041259,DENV-3
KF041258,DENV-3
KF041257,DENV-3
KF041255,DENV-3
KF041256,DENV-3
KF041254,DENV-3
KX380841,DENV-3
KX380842,DENV-3
KX380839,DENV-3
KX380840,DENV-3
JF808121,DENV-3
JF808120,DENV-3
JF808119,DENV-3
JF808118,DENV-3
JF808127,DENV-3
JF808124,DENV-3
JF808126,DENV-3
JF808125,DENV-3
JF808129,DENV-3
JF808123,DENV-3
JF808128,DENV-3
JF808122,DENV-3
GQ466079,DENV-3
FJ898462,DENV-3
KF955473,DENV-3
FJ850079,DENV-3
FJ850080,DENV-3
FJ850083,DENV-3
FJ850086,DENV-3
FJ850089,DENV-3
FJ850092,DENV-3
FJ850094,DENV-3
FJ898446,DENV-3
GU131844,DENV-3
GU131845,DENV-3
GU131846,DENV-3
GU131847,DENV-3
GU131848,DENV-3
GU131849,DENV-3
GQ868546,DENV-3
GU131850,DENV-3
GU131851,DENV-3
GU131852,DENV-3
GU131853,DENV-3
GQ868547,DENV-3
GU131854,DENV-3
GU131855,DENV-3
GU131856,DENV-3
GU131857,DENV-3
GU131858,DENV-3
GQ868548,DENV-3
GU131860,DENV-3
GU131861,DENV-3
GU131862,DENV-3
GU131865,DENV-3
GU131866,DENV-3
GU131868,DENV-3
GU131869,DENV-3
GU131870,DENV-3
GU131871,DENV-3
GU131872,DENV-3
GU131873,DENV-3
GU131874,DENV-3
GU131875,DENV-3
GU131876,DENV-3
GU131877,DENV-3
GU131878,DENV-3
FJ898455,DENV-3
GQ199891,DENV-3
FJ898443,DENV-3
FJ898444,DENV-3
FJ898445,DENV-3
GU131950,DENV-3
GQ868571,DENV-3
GU131951,DENV-3
GQ868572,DENV-3
GQ868573,DENV-3
GQ868574,DENV-3
GU131952,DENV-3
GQ868575,DENV-3
GU131953,DENV-3
GQ868577,DENV-3
GU131954,DENV-3
GQ868578,DENV-3
FJ898457,DENV-3
KF955505,DENV-3
FJ898464,DENV-3
KF955477,DENV-3
JQ922556,DENV-3
JQ922557,DENV-3
JQ922555,DENV-3
GU131903,DENV-3
GU131904,DENV-3
GU131905,DENV-3
GU131906,DENV-3
GU131907,DENV-3
GQ868634,DENV-3
GU131908,DENV-3
GU131909,DENV-3
GU131910,DENV-3
GU131911,DENV-3
GU131912,DENV-3
GU131913,DENV-3
GU131914,DENV-3
GU131915,DENV-3
GU131916,DENV-3
GU131917,DENV-3
GU131918,DENV-3
GU131933,DENV-3
GU131934,DENV-3
GU131935,DENV-3
GU131936,DENV-3
GU131937,DENV-3
GU131938,DENV-3
GU131939,DENV-3
GU131940,DENV-3
GU131941,DENV-3
GU131942,DENV-3
GU131943,DENV-3
GU131944,DENV-3
GU131945,DENV-3
GU131946,DENV-3
KP406805,DENV-3
FJ639712,DENV-3
FJ639713,DENV-3
FJ639714,DENV-3
FJ639715,DENV-3
FJ639716,DENV-3
KF955461,DENV-3
FJ639719,DENV-3
KF955332,DENV-3
FJ639720,DENV-3
KF955462,DENV-3
GQ868626,DENV-3
KF955463,DENV-3
GQ868627,DENV-3
FJ639721,DENV-3
FJ639722,DENV-3
FJ639723,DENV-3
FJ639724,DENV-3
FJ639725,DENV-3
FJ639726,DENV-3
KF955333,DENV-3
GQ868628,DENV-3
FJ639727,DENV-3
GQ868629,DENV-3
FJ639728,DENV-3
FJ639729,DENV-3
FJ639730,DENV-3
KF955464,DENV-3
FJ639731,DENV-3
HM181933,DENV-3
HM181934,DENV-3
HM181935,DENV-3
KF955507,DENV-3
JF295012,DENV-3
HM631854,DENV-3
FJ898463,DENV-3
GQ868616,DENV-3
KF955474,DENV-3
GQ199887,DENV-3
GQ199888,DENV-3
GQ252674,DENV-3
GQ199889,DENV-3
FJ882571,DENV-3
FJ882572,DENV-3
FJ882573,DENV-3
FJ882574,DENV-3
KF955476,DENV-3
FJ898440,DENV-3
FJ898441,DENV-3
FJ898442,DENV-3
FJ882575,DENV-3
GQ199886,DENV-3
FJ882576,DENV-3
FJ850052,DENV-3
FJ873812,DENV-3
FJ873813,DENV-3
FJ850048,DENV-3
FJ850049,DENV-3
FJ898476,DENV-3
FJ898475,DENV-3
GQ199860,DENV-3
GQ199861,DENV-3
GQ199862,DENV-3
GQ199863,DENV-3
GQ199864,DENV-3
GQ199865,DENV-3
GQ199870,DENV-3
GQ199871,DENV-3
HQ541789,DENV-3
HQ541790,DENV-3
HQ541791,DENV-3
HQ166031,DENV-3
HQ166032,DENV-3
HQ166033,DENV-3
JF937630,DENV-3
HQ166030,DENV-3
JN000936,DENV-3
HQ541795,DENV-3
HQ541796,DENV-3
HQ166034,DENV-3
JN093517,DENV-3
JF937631,DENV-3
HM756274,DENV-3
HM756275,DENV-3
JF937632,DENV-3
HQ671178,DENV-3
HM756281,DENV-3
HQ541806,DENV-3
JN093514,DENV-3
JF937643,DENV-3
HM631869,DENV-3
HM756282,DENV-3
HM181972,DENV-3
HQ541797,DENV-3
HM631857,DENV-3
HM631860,DENV-3
HM181976,DENV-3
HM631862,DENV-3
HM631863,DENV-3
HM181977,DENV-3
HM631858,DENV-3
HM181973,DENV-3
HM181978,DENV-3
JN183884,DENV-3
HM181974,DENV-3
HQ541785,DENV-3
KF921916,DENV-3
HM181975,DENV-3
HM631864,DENV-3
HM631861,DENV-3
HM631859,DENV-3
HM631856,DENV-3
HM756276,DENV-3
HM756277,DENV-3
HM756278,DENV-3
HM756279,DENV-3
HM756280,DENV-3
HQ891025,DENV-3
HQ671177,DENV-3
HQ705617,DENV-3
HQ705618,DENV-3
HQ705619,DENV-3
HQ705620,DENV-3
HQ705621,DENV-3
HQ705622,DENV-3
HQ705623,DENV-3
HQ671176,DENV-3
HQ705609,DENV-3
HQ705610,DENV-3
HQ705611,DENV-3
HQ705612,DENV-3
HQ705613,DENV-3
HQ705614,DENV-3
HQ705615,DENV-3
HQ705616,DENV-3
JF920398,DENV-3
JF920399,DENV-3
JF920400,DENV-3
JF920407,DENV-3
JF920402,DENV-3
JF920393,DENV-3
JF937652,DENV-3
JF920403,DENV-3
JF920404,DENV-3
JF920394,DENV-3
KF971709,DENV-3
JF937641,DENV-3
JF920395,DENV-3
JF920396,DENV-3
JF937642,DENV-3
JF920405,DENV-3
JF920406,DENV-3
JF920409,DENV-3
JF920408,DENV-3
JF937620,DENV-3
JF920397,DENV-3
JF920401,DENV-3
JF937629,DENV-3
JN093513,DENV-3
JF937624,DENV-3
JN000938,DENV-3
JN093515,DENV-3
JF937646,DENV-3
JF937647,DENV-3
JF937625,DENV-3
JF937633,DENV-3
JF937634,DENV-3
JF937636,DENV-3
JF937648,DENV-3
JF937626,DENV-3
JF937621,DENV-3
JF937622,DENV-3
JF937623,DENV-3
JF937637,DENV-3
JF937638,DENV-3
JF937639,DENV-3
JF937640,DENV-3
JN000937,DENV-3
JF937627,DENV-3
JF937628,DENV-3
KF973476,DENV-3
KF973477,DENV-3
KF973478,DENV-3
KF973479,DENV-3
KF973480,DENV-3
KF973481,DENV-3
KF973482,DENV-3
KF973483,DENV-3
KF973484,DENV-3
KF973485,DENV-3
KF973486,DENV-3
KF973487,DENV-3
FJ898458,DENV-3
KJ189256,DENV-3
KJ189257,DENV-3
KJ189258,DENV-3
KJ189259,DENV-3
KJ189260,DENV-3
KJ643590,DENV-3
KJ189261,DENV-3
KJ189262,DENV-3
KJ189263,DENV-3
KJ189265,DENV-3
KJ189266,DENV-3
KJ189267,DENV-3
KJ189268,DENV-3
KJ189269,DENV-3
KJ189270,DENV-3
KJ189271,DENV-3
KJ189272,DENV-3
KJ189273,DENV-3
KJ189274,DENV-3
KJ189275,DENV-3
KJ189276,DENV-3
KJ189277,DENV-3
KJ189278,DENV-3
KJ189279,DENV-3
KJ189280,DENV-3
KJ189281,DENV-3
KJ189282,DENV-3
KJ189283,DENV-3
KJ189284,DENV-3
KJ189285,DENV-3
KJ189286,DENV-3
KJ189287,DENV-3
KJ189288,DENV-3
KJ189289,DENV-3
KJ189290,DENV-3
KJ189291,DENV-3
KJ189292,DENV-3
KJ189293,DENV-3
KJ189294,DENV-3
KJ189295,DENV-3
KJ189296,DENV-3
KJ189297,DENV-3
KJ189298,DENV-3
KJ189299,DENV-3
KJ189300,DENV-3
KJ189301,DENV-3
KF955456,DENV-3
KF955465,DENV-3
KF955466,DENV-3
KF955468,DENV-3
FJ744726,DENV-3
FJ744727,DENV-3
FJ744728,DENV-3
FJ744729,DENV-3
FJ744730,DENV-3
FJ744731,DENV-3
FJ687448,DENV-3
FJ810413,DENV-3
FJ744732,DENV-3
FJ744733,DENV-3
FJ810414,DENV-3
FJ744734,DENV-3
FJ744735,DENV-3
FJ744736,DENV-3
FJ744737,DENV-3
FJ744738,DENV-3
FJ744739,DENV-3
FJ744740,DENV-3
GQ868593,DENV-3
FJ898459,DENV-3
GQ868617,DENV-3
EU482555,DENV-3
EU529692,DENV-3
EU482558,DENV-3
EU482559,DENV-3
EU482563,DENV-3
EU529696,DENV-3
EU529697,DENV-3
EU482564,DENV-3
EU529699,DENV-3
EU482566,DENV-3
EU529702,DENV-3
EU529703,DENV-3
EU529705,DENV-3
EU596492,DENV-3
EU596493,DENV-3
EU596494,DENV-3
EU687218,DENV-3
EU726771,DENV-3
EU726772,DENV-3
FJ182013,DENV-3
EU781136,DENV-3
EU781137,DENV-3
EU726773,DENV-3
EU726774,DENV-3
EU687219,DENV-3
EU687221,DENV-3
EU726768,DENV-3
EU687226,DENV-3
EU687233,DENV-3
EU687234,DENV-3
EU687196,DENV-3
EU854298,DENV-3
FJ373306,DENV-3
EU687197,DENV-3
EU687198,DENV-3
EU726769,DENV-3
EU687239,DENV-3
FJ182004,DENV-3
FJ850055,DENV-3
FJ024465,DENV-3
FJ024466,DENV-3
FJ024467,DENV-3
FJ024468,DENV-3
FJ024469,DENV-3
FJ024470,DENV-3
FJ024471,DENV-3
FJ182005,DENV-3
FJ373302,DENV-3
FJ182006,DENV-3
FJ182007,DENV-3
FJ182008,DENV-3
FJ182009,DENV-3
FJ182010,DENV-3
FJ182011,DENV-3
FJ182037,DENV-3
FJ182038,DENV-3
FJ182039,DENV-3
FJ182040,DENV-3
FJ182041,DENV-3
FJ390371,DENV-3
FJ390372,DENV-3
FJ205870,DENV-3
FJ390373,DENV-3
FJ205871,DENV-3
FJ390375,DENV-3
FJ390376,DENV-3
FJ390377,DENV-3
FJ547069,DENV-3
FJ547070,DENV-3
FJ562107,DENV-3
FJ547071,DENV-3
FJ410176,DENV-3
FJ410177,DENV-3
FJ547072,DENV-3
FJ547073,DENV-3
FJ547074,DENV-3
FJ547075,DENV-3
FJ547076,DENV-3
FJ547077,DENV-3
FJ547078,DENV-3
FJ547079,DENV-3
FJ547080,DENV-3
FJ547081,DENV-3
FJ547082,DENV-3
FJ547083,DENV-3
FJ410178,DENV-3
FJ547084,DENV-3
FJ478456,DENV-3
FJ547085,DENV-3
EU482595,DENV-3
EU482596,DENV-3
JQ922554,DENV-3
EU529683,DENV-3
EU529684,DENV-3
FJ182015,DENV-3
EU569688,DENV-3
EU529685,DENV-3
EU529686,DENV-3
EU529687,DENV-3
KF955449,DENV-3
EU932687,DENV-3
EU932688,DENV-3
FJ373303,DENV-3
KF955451,DENV-3
KF955453,DENV-3
FJ373304,DENV-3
EU854291,DENV-3
KF955454,DENV-3
EU854292,DENV-3
FJ639746,DENV-3
FJ639747,DENV-3
FJ639749,DENV-3
FJ639750,DENV-3
FJ639751,DENV-3
FJ639752,DENV-3
FJ639753,DENV-3
FJ639754,DENV-3
FJ639755,DENV-3
FJ639756,DENV-3
FJ744700,DENV-3
FJ639757,DENV-3
FJ639758,DENV-3
FJ639759,DENV-3
FJ639760,DENV-3
FJ639761,DENV-3
FJ639762,DENV-3
FJ639763,DENV-3
FJ639765,DENV-3
FJ639766,DENV-3
FJ639767,DENV-3
FJ639768,DENV-3
FJ639769,DENV-3
FJ882577,DENV-3
FJ850096,DENV-3
FJ882578,DENV-3
FJ639770,DENV-3
FJ639771,DENV-3
FJ639772,DENV-3
FJ639774,DENV-3
FJ639775,DENV-3
FJ639776,DENV-3
FJ639777,DENV-3
FJ639778,DENV-3
FJ639779,DENV-3
FJ639780,DENV-3
FJ639781,DENV-3
FJ639782,DENV-3
FJ639784,DENV-3
FJ639785,DENV-3
FJ639786,DENV-3
FJ639787,DENV-3
FJ639789,DENV-3
FJ639790,DENV-3
FJ639791,DENV-3
FJ639792,DENV-3
FJ639793,DENV-3
FJ639795,DENV-3
FJ639798,DENV-3
FJ639799,DENV-3
FJ639800,DENV-3
FJ639801,DENV-3
KF955471,DENV-3
KF955472,DENV-3
FJ639803,DENV-3
FJ639804,DENV-3
FJ639805,DENV-3
FJ639807,DENV-3
FJ639810,DENV-3
FJ639816,DENV-3
FJ639817,DENV-3
FJ639825,DENV-3
FJ639826,DENV-3
FJ639827,DENV-3
FJ850097,DENV-3
FJ810416,DENV-3
GQ252678,DENV-3
FJ850098,DENV-3
KF955479,DENV-3
FJ850109,DENV-3
GQ868586,DENV-3
FJ850110,DENV-3
GQ868587,DENV-3
FJ850111,DENV-3
KF955486,DENV-3
KF955487,DENV-3
FJ898468,DENV-3
FJ898469,DENV-3
FJ898470,DENV-3
FJ898471,DENV-3
FJ898472,DENV-3
FJ898473,DENV-3
FJ898474,DENV-3
EU529688,DENV-3
EU482612,DENV-3
EU660420,DENV-3
EU482613,DENV-3
EU529690,DENV-3
EU529691,DENV-3
EU569689,DENV-3
EU482614,DENV-3
EU569690,DENV-3
EU569691,DENV-3
EU482452,DENV-3
EU482453,DENV-3
EU482454,DENV-3
EU482455,DENV-3
EU482456,DENV-3
EU482457,DENV-3
EU482458,DENV-3
EU482459,DENV-3
EU482460,DENV-3
EU482461,DENV-3
EU482462,DENV-3
EU660407,DENV-3
EU660408,DENV-3
EU660409,DENV-3
EU660410,DENV-3
EU660411,DENV-3
FJ432722,DENV-3
FJ432728,DENV-3
FJ432731,DENV-3
FJ562097,DENV-3
FJ432741,DENV-3
FJ562099,DENV-3
FJ432743,DENV-3
KF955457,DENV-3
FJ562100,DENV-3
FJ547061,DENV-3
FJ547062,DENV-3
FJ461322,DENV-3
KF955458,DENV-3
FJ562102,DENV-3
FJ410229,DENV-3
FJ461326,DENV-3
FJ461329,DENV-3
KF955459,DENV-3
FJ547066,DENV-3
KF955460,DENV-3
FJ461334,DENV-3
FJ461337,DENV-3
FJ461338,DENV-3
FJ562103,DENV-3
FJ898456,DENV-3
JN697379,DENV-3
JQ045687,DENV-3
JQ045688,DENV-3
JQ045689,DENV-3
JQ045691,DENV-3
JQ045692,DENV-3
JQ045693,DENV-3
JQ045694,DENV-3
GU189648,DENV-3
GU363549,DENV-3
KJ622197,DENV-3
KJ622198,DENV-3
KJ622191,DENV-3
KJ622199,DENV-3
KJ622192,DENV-3
KJ622193,DENV-3
KJ622194,DENV-3
KJ622195,DENV-3
KJ622196,DENV-3
KJ830751,DENV-3
KC762681,DENV-3
KC762682,DENV-3
KC762683,DENV-3
KC762684,DENV-3
KC762686,DENV-3
KC762685,DENV-3
KC762687,DENV-3
KC762688,DENV-3
KC762689,DENV-3
KC762690,DENV-3
KC762691,DENV-3
KC762692,DENV-3
KC762693,DENV-3
JQ920481,DENV-3
JQ920483,DENV-3
JQ920482,DENV-3
JQ920484,DENV-3
JQ920486,DENV-3
JQ920485,DENV-3
FJ644564,DENV-3
HQ235027,DENV-3
JQ920476,DENV-3
JQ920477,DENV-3
JQ920478,DENV-3
JQ920480,DENV-3
JQ920479,DENV-3
KT424097,DENV-3
KU216209,DENV-3
KU216208,DENV-3
KY921907,DENV-3
KY921906,DENV-3
GU370052,DENV-3
GU370053,DENV-3
JQ411814,DENV-3
KM190937,DENV-3
JQ920487,DENV-3
JQ920488,DENV-3
JQ920489,DENV-3
KF824902,DENV-3
KF824903,DENV-3
JF504679,DENV-3
KJ160505,DENV-3
KU725665,DENV-3
KC425219,DENV-3
AY858037,DENV-3
KJ737429,DENV-3
DQ863638,DENV-3
KJ737430,DENV-3
KU509280,DENV-3
KU509278,DENV-3
KU509281,DENV-3
KU509282,DENV-3
KU509283,DENV-3
KU509284,DENV-3
KU509279,DENV-3
KU509285,DENV-3
KU509286,DENV-3
AY858040,DENV-3
AY858041,DENV-3
AY770511,DENV-3
KC261634,DENV-3
JN662391,DENV-3
AY858042,DENV-3
AY858043,DENV-3
AY858044,DENV-3
KU725666,DENV-3
AY858045,DENV-3
AY858046,DENV-3
AY858047,DENV-3
AY858048,DENV-3
HQ332170,DENV-3
MF370226,DENV-3
KR296743,DENV-3
KR296744,DENV-3
AY858038,DENV-3
AY858039,DENV-3
JN368477,DENV-3
KU050695,DENV-3
KY586703,DENV-3
KY586715,DENV-3
KY586718,DENV-3
KY586719,DENV-3
KY586720,DENV-3
KY586721,DENV-3
KY586722,DENV-3
KY586723,DENV-3
KY586724,DENV-3
KY586725,DENV-3
KY586726,DENV-3
KY586705,DENV-3
KY586727,DENV-3
KY586728,DENV-3
KY586729,DENV-3
KY586730,DENV-3
KY586731,DENV-3
KY586732,DENV-3
KY586735,DENV-3
KY586736,DENV-3
KY586739,DENV-3
KY586740,DENV-3
KY586706,DENV-3
KY586741,DENV-3
KY586742,DENV-3
KY586744,DENV-3
KY586745,DENV-3
KY586746,DENV-3
KY586748,DENV-3
KY586750,DENV-3
KY586751,DENV-3
KY586752,DENV-3
KY586753,DENV-3
KY586707,DENV-3
KY586754,DENV-3
KY586755,DENV-3
KY586756,DENV-3
KY586757,DENV-3
KY586758,DENV-3
KY586759,DENV-3
KY586760,DENV-3
KY586761,DENV-3
KY586763,DENV-3
KY586764,DENV-3
KY586708,DENV-3
KY586767,DENV-3
KY586769,DENV-3
KY586770,DENV-3
KY586771,DENV-3
KY586772,DENV-3
KY586774,DENV-3
KY586775,DENV-3
KY586776,DENV-3
KY586778,DENV-3
KY586779,DENV-3
KY586709,DENV-3
KY586780,DENV-3
KY586781,DENV-3
KY586782,DENV-3
KY586783,DENV-3
KY586784,DENV-3
KY586785,DENV-3
KY586786,DENV-3
KY586790,DENV-3
KY586791,DENV-3
KY586792,DENV-3
KY586711,DENV-3
KY586793,DENV-3
KY586794,DENV-3
KY586796,DENV-3
KY586797,DENV-3
KY586798,DENV-3
KY586799,DENV-3
KY586800,DENV-3
KY586801,DENV-3
KY586802,DENV-3
KY586814,DENV-3
KY586713,DENV-3
KY586815,DENV-3
KY586816,DENV-3
KY586817,DENV-3
KY586714,DENV-3
KY586701,DENV-3
KY586737,DENV-3
KY586738,DENV-3
KY586743,DENV-3
KY586747,DENV-3
KY586749,DENV-3
KY586762,DENV-3
KY586765,DENV-3
KY586766,DENV-3
KY586768,DENV-3
KY586773,DENV-3
KY586702,DENV-3
KY586777,DENV-3
KY586787,DENV-3
KY586788,DENV-3
KY586789,DENV-3
KY586795,DENV-3
KY586803,DENV-3
KY586804,DENV-3
KY586805,DENV-3
KY586806,DENV-3
KY586807,DENV-3
KY586704,DENV-3
KY586808,DENV-3
KY586809,DENV-3
KY586810,DENV-3
KY586811,DENV-3
KY586812,DENV-3
KY586813,DENV-3
KY586818,DENV-3
KY586819,DENV-3
KY586820,DENV-3
KY586821,DENV-3
KY586710,DENV-3
KY586822,DENV-3
KY586712,DENV-3
KY586716,DENV-3
KY586717,DENV-3
KY586733,DENV-3
KY586734,DENV-3
EF643017,DENV-3
HG316483,DENV-3
HG316484,DENV-3
AY662691,DENV-3
DQ675519,DENV-3
DQ675520,DENV-3
DQ675521,DENV-3
DQ675522,DENV-3
DQ675524,DENV-3
DQ675525,DENV-3
DQ675526,DENV-3
DQ675527,DENV-3
DQ675528,DENV-3
DQ675529,DENV-3
DQ675530,DENV-3
DQ675531,DENV-3
DQ675532,DENV-3
DQ675533,DENV-3
AY496871,DENV-3
AY496873,DENV-3
AY496874,DENV-3
AY496877,DENV-3
AY099337,DENV-3
AY099336,DENV-3
DQ401690,DENV-3
AY744677,DENV-3
AY744678,DENV-3
AY744679,DENV-3
AY744680,DENV-3
AY744681,DENV-3
AY744682,DENV-3
AY744683,DENV-3
AY744684,DENV-3
AY744685,DENV-3
AY496879,DENV-3
DQ401689,DENV-3
DQ401691,DENV-3
DQ401692,DENV-3
DQ401693,DENV-3
DQ401694,DENV-3
AF317645,DENV-3
EF629369,DENV-3
EF629366,DENV-3
EF629367,DENV-3
EF629368,DENV-3
EF629370,DENV-3
AY679147,DENV-3
AY876494,DENV-3
AY923865,DENV-3
EU081193,DENV-3
EU081194,DENV-3
EU081195,DENV-3
EU081196,DENV-3
EU081197,DENV-3
EU081198,DENV-3
EU081199,DENV-3
EU081200,DENV-3
EU081201,DENV-3
EU081202,DENV-3
EU081203,DENV-3
EU081204,DENV-3
EU081205,DENV-3
EU081206,DENV-3
EU081207,DENV-3
EU081208,DENV-3
EU081209,DENV-3
EU081210,DENV-3
EU081211,DENV-3
EU081212,DENV-3
EU081213,DENV-3
EU081214,DENV-3
EU081215,DENV-3
EU081216,DENV-3
EU081217,DENV-3
EU081218,DENV-3
EU081219,DENV-3
EU081220,DENV-3
EU081221,DENV-3
EU081222,DENV-3
EU081223,DENV-3
EU081224,DENV-3
EU081225,DENV-3
EU081182,DENV-3
EU081183,DENV-3
EU081184,DENV-3
EU081185,DENV-3
EU081186,DENV-3
EU081187,DENV-3
EU081188,DENV-3
EU081189,DENV-3
EU081190,DENV-3
EU081191,DENV-3
EU081192,DENV-3
EU081181,DENV-3
AY766104,DENV-3
AY648961,DENV-3
AY776329,DENV-3
AY676353,DENV-3
AY676352,DENV-3
AY676351,DENV-3
AY676350,DENV-3
AY676349,DENV-3
AY676348,DENV-3
LC069810,DENV-4
KR922405,DENV-4
KP188557,DENV-4
KP188558,DENV-4
KP188559,DENV-4
KP188560,DENV-4
KP188561,DENV-4
KP188562,DENV-4
KP188563,DENV-4
KP188564,DENV-4
KP188565,DENV-4
KP188566,DENV-4
KT794007,DENV-4
JN983813,DENV-4
KF041260,DENV-4
FJ024476,DENV-4
GQ868579,DENV-4
GQ868580,DENV-4
GQ868581,DENV-4
GQ868582,DENV-4
GQ868583,DENV-4
GQ868584,DENV-4
GQ868585,DENV-4
JQ922560,DENV-4
JQ922558,DENV-4
JQ922559,DENV-4
KP406806,DENV-4
KF955510,DENV-4
GQ868594,DENV-4
FJ024424,DENV-4
EU854295,DENV-4
EU854296,DENV-4
EU854297,DENV-4
GQ199878,DENV-4
GQ199879,DENV-4
GQ199880,DENV-4
GQ252675,DENV-4
FJ810417,DENV-4
FJ850057,DENV-4
GQ199881,DENV-4
GQ199882,DENV-4
GQ199883,DENV-4
GQ199884,DENV-4
GQ199885,DENV-4
FJ850058,DENV-4
FJ882595,DENV-4
FJ882596,DENV-4
FJ850059,DENV-4
FJ882597,DENV-4
FJ882598,DENV-4
FJ882599,DENV-4
FJ882600,DENV-4
FJ882601,DENV-4
FJ226067,DENV-4
GQ868642,DENV-4
GQ868643,DENV-4
GQ868644,DENV-4
GQ868645,DENV-4
EU854299,DENV-4
FJ182016,DENV-4
EU854300,DENV-4
FJ182017,DENV-4
EU854301,DENV-4
FJ639736,DENV-4
FJ639737,DENV-4
FJ639738,DENV-4
FJ639739,DENV-4
JN819409,DENV-4
FJ639742,DENV-4
FJ639744,DENV-4
FJ639745,DENV-4
FJ850095,DENV-4
FJ639748,DENV-4
FJ639764,DENV-4
FJ639773,DENV-4
FJ882580,DENV-4
FJ882581,DENV-4
FJ882582,DENV-4
FJ882583,DENV-4
FJ882584,DENV-4
FJ882585,DENV-4
FJ882586,DENV-4
FJ882587,DENV-4
FJ882588,DENV-4
FJ882589,DENV-4
FJ882590,DENV-4
FJ882591,DENV-4
FJ882592,DENV-4
JN819406,DENV-4
GQ199876,DENV-4
KP723482,DENV-4
JN638570,DENV-4
JN638571,DENV-4
JN638572,DENV-4
JX024757,DENV-4
JX024758,DENV-4
FJ196849,DENV-4
FJ196850,DENV-4
JF741967,DENV-4
JQ822247,DENV-4
JF262782,DENV-4
JF262783,DENV-4
JF262781,DENV-4
KU513441,DENV-4
KC762694,DENV-4
KC762695,DENV-4
KC762696,DENV-4
KC762697,DENV-4
KC762698,DENV-4
KC762699,DENV-4
JQ915085,DENV-4
JQ915088,DENV-4
JQ915086,DENV-4
JQ915087,DENV-4
JQ915089,DENV-4
JF262780,DENV-4
JF262779,DENV-4
JQ915083,DENV-4
JQ915082,DENV-4
JQ915081,DENV-4
JQ915084,DENV-4
KX224312,DENV-4
KY921910,DENV-4
KY921909,DENV-4
KP792537,DENV-4
KU513442,DENV-4
KM190936,DENV-4
JQ915090,DENV-4
KJ160504,DENV-4
GU289913,DENV-4
KJ579243,DENV-4
KJ579244,DENV-4
KJ579245,DENV-4
KJ579246,DENV-4
KJ579247,DENV-4
KJ579248,DENV-4
KJ579240,DENV-4
KJ596658,DENV-4
KJ596659,DENV-4
KJ596660,DENV-4
KJ596661,DENV-4
KJ596662,DENV-4
KJ596663,DENV-4
KJ596664,DENV-4
KJ596665,DENV-4
KJ596666,DENV-4
KJ596668,DENV-4
KJ596669,DENV-4
KJ596670,DENV-4
KJ596671,DENV-4
KJ579241,DENV-4
KJ596672,DENV-4
KJ596673,DENV-4
KJ596674,DENV-4
KJ579242,DENV-4
GQ398256,DENV-4
KU509287,DENV-4
KU509288,DENV-4
KC333651,DENV-4
KR011349,DENV-4
JN559740,DENV-4
JQ513330,DENV-4
JQ513331,DENV-4
JN559741,DENV-4
JQ513332,DENV-4
JQ513333,DENV-4
JQ513334,DENV-4
JQ513335,DENV-4
JQ513336,DENV-4
JQ513337,DENV-4
JQ513338,DENV-4
JQ513339,DENV-4
JQ513340,DENV-4
JQ513341,DENV-4
JQ513342,DENV-4
JQ513343,DENV-4
JQ513344,DENV-4
JQ513345,DENV-4
KT276273,DENV-4
KU523872,DENV-4
KP140942,DENV-4
KU523871,DENV-4
KX845005,DENV-4
HQ332175,DENV-4
HQ332172,DENV-4
HQ332176,DENV-4
HQ332174,DENV-4
HQ332173,DENV-4
KX059028,DENV-4
KX059029,DENV-4
KX059030,DENV-4
KX059031,DENV-4
KX059032,DENV-4
KX059033,DENV-4
KX059034,DENV-4
KX059035,DENV-4
KX059036,DENV-4
KX059037,DENV-4
KX059015,DENV-4
KX059016,DENV-4
KX059017,DENV-4
KX059018,DENV-4
KX059019,DENV-4
KX059020,DENV-4
KX059021,DENV-4
KX059022,DENV-4
KX059023,DENV-4
KX059024,DENV-4
KX059025,DENV-4
KX059026,DENV-4
KX059027,DENV-4
KY586827,DENV-4
KY586839,DENV-4
KY586842,DENV-4
KY586843,DENV-4
KY586844,DENV-4
KY586845,DENV-4
KY586846,DENV-4
KY586848,DENV-4
KY586849,DENV-4
KY586850,DENV-4
KY586851,DENV-4
KY586830,DENV-4
KY586852,DENV-4
KY586853,DENV-4
KY586854,DENV-4
KY586856,DENV-4
KY586859,DENV-4
KY586860,DENV-4
KY586861,DENV-4
KY586863,DENV-4
KY586864,DENV-4
KY586867,DENV-4
KY586831,DENV-4
KY586869,DENV-4
KY586872,DENV-4
KY586873,DENV-4
KY586875,DENV-4
KY586876,DENV-4
KY586878,DENV-4
KY586882,DENV-4
KY586883,DENV-4
KY586884,DENV-4
KY586885,DENV-4
KY586833,DENV-4
KY586886,DENV-4
KY586892,DENV-4
KY586893,DENV-4
KY586894,DENV-4
KY586899,DENV-4
KY586902,DENV-4
KY586903,DENV-4
KY586904,DENV-4
KY586906,DENV-4
KY586907,DENV-4
KY586834,DENV-4
KY586910,DENV-4
KY586911,DENV-4
KY586912,DENV-4
KY586913,DENV-4
KY586914,DENV-4
KY586915,DENV-4
KY586916,DENV-4
KY586917,DENV-4
KY586918,DENV-4
KY586919,DENV-4
KY586835,DENV-4
KY586920,DENV-4
KY586921,DENV-4
KY586922,DENV-4
KY586925,DENV-4
KY586927,DENV-4
KY586928,DENV-4
KY586929,DENV-4
KY586930,DENV-4
KY586931,DENV-4
KY586932,DENV-4
KY586836,DENV-4
KY586934,DENV-4
KY586935,DENV-4
KY586936,DENV-4
KY586937,DENV-4
KY586938,DENV-4
KY586939,DENV-4
KY586940,DENV-4
KY586941,DENV-4
KY586942,DENV-4
KY586837,DENV-4
KY586943,DENV-4
KY586944,DENV-4
KY586945,DENV-4
KY586946,DENV-4
KY586838,DENV-4
KY586823,DENV-4
KY586847,DENV-4
KY586855,DENV-4
KY586857,DENV-4
KY586858,DENV-4
KY586862,DENV-4
KY586865,DENV-4
KY586866,DENV-4
KY586868,DENV-4
KY586870,DENV-4
KY586871,DENV-4
KY586824,DENV-4
KY586874,DENV-4
KY586877,DENV-4
KY586879,DENV-4
KY586880,DENV-4
KY586881,DENV-4
KY586887,DENV-4
KY586888,DENV-4
KY586889,DENV-4
KY586890,DENV-4
KY586891,DENV-4
KY586825,DENV-4
KY586895,DENV-4
KY586896,DENV-4
KY586897,DENV-4
KY586898,DENV-4
KY586900,DENV-4
KY586901,DENV-4
KY586905,DENV-4
KY586908,DENV-4
KY586909,DENV-4
KY586923,DENV-4
KY586826,DENV-4
KY586924,DENV-4
KY586926,DENV-4
KY586828,DENV-4
KY586829,DENV-4
KY586832,DENV-4
KY586840,DENV-4
KY586841,DENV-4
KT026308,DENV-4
KT026309,DENV-4
KF907503,DENV-4
KX812530,DENV-4
EF457906,DENV-4
M14931,DENV-4
AF375822,DENV-4
AF326826,DENV-4
AF326825,DENV-4
AF326827,DENV-4
AF326573,DENV-4
AY947539,DENV-4
AY762085,DENV-4
AY776330,DENV-4
AY618989,DENV-4
AY618991,DENV-4
AY618990,DENV-4
AY618988,DENV-4
AY618992,DENV-4
AY618993,DENV-4
