NC_004419.1,Chondrostei
NC_017603.1,Chondrostei
NC_021757.1,Chondrostei
NC_022453.1,Chondrostei
NC_023837.1,Chondrostei
NC_027417.1,Chondrostei
NC_027522.1,Chondrostei
NC_028290.1,Chondrostei
NC_028405.1,Chondrostei
NC_030324.1,Chondrostei
NC_030325.1,Chondrostei
NC_004420.1,Chondrostei
NC_030326.1,Chondrostei
NC_030327.1,Chondrostei
NC_030344.1,Chondrostei
NC_031188.1,Chondrostei
NC_032715.1,Chondrostei
NC_004743.1,Chondrostei
NC_005252.1,Chondrostei
NC_005451.1,Chondrostei
NC_005795.1,Chondrostei
NC_005834.1,Chondrostei
NC_012576.1,Chondrostei
NC_012646.1,Chondrostei
NC_001778.1,Cladistia
NC_023272.1,Cladistia
NC_030714.1,Cladistia
NC_004418.1,Cladistia
NC_005251.1,Cladistia
NC_020651.1,Cladistia
NC_020652.1,Cladistia
NC_020653.1,Cladistia
NC_020654.1,Cladistia
NC_020655.1,Cladistia
NC_020791.1,Cladistia
NC_000860.1,Neopterygii
NC_002386.1,Neopterygii
NC_004407.1,Neopterygii
NC_020095.1,Neopterygii
NC_020096.1,Neopterygii
NC_020097.1,Neopterygii
NC_020145.1,Neopterygii
NC_020149.1,Neopterygii
NC_020150.1,Neopterygii
NC_020151.1,Neopterygii
NC_020327.1,Neopterygii
NC_020336.1,Neopterygii
NC_020337.1,Neopterygii
NC_004408.1,Neopterygii
NC_020338.1,Neopterygii
NC_020339.1,Neopterygii
NC_020344.1,Neopterygii
NC_020345.1,Neopterygii
NC_020346.1,Neopterygii
NC_020347.1,Neopterygii
NC_020349.1,Neopterygii
NC_020350.1,Neopterygii
NC_020355.1,Neopterygii
NC_020356.1,Neopterygii
NC_004409.1,Neopterygii
NC_020357.1,Neopterygii
NC_020358.1,Neopterygii
NC_020359.1,Neopterygii
NC_020360.1,Neopterygii
NC_020435.1,Neopterygii
NC_020436.1,Neopterygii
NC_020461.1,Neopterygii
NC_020462.1,Neopterygii
NC_020464.1,Neopterygii
NC_020466.1,Neopterygii
NC_004410.1,Neopterygii
NC_020467.1,Neopterygii
NC_020468.1,Neopterygii
NC_020606.1,Neopterygii
NC_020608.1,Neopterygii
NC_020671.1,Neopterygii
NC_020672.1,Neopterygii
NC_020673.1,Neopterygii
NC_020761.1,Neopterygii
NC_020762.1,Neopterygii
NC_020763.1,Neopterygii
NC_004411.1,Neopterygii
NC_020764.1,Neopterygii
NC_020765.1,Neopterygii
NC_020767.1,Neopterygii
NC_020781.1,Neopterygii
NC_020782.1,Neopterygii
NC_020783.1,Neopterygii
NC_020784.1,Neopterygii
NC_020785.1,Neopterygii
NC_020786.1,Neopterygii
NC_021107.1,Neopterygii
NC_004412.1,Neopterygii
NC_021122.1,Neopterygii
NC_021130.1,Neopterygii
NC_021133.1,Neopterygii
NC_021134.1,Neopterygii
NC_021136.1,Neopterygii
NC_021374.1,Neopterygii
NC_021376.1,Neopterygii
NC_021377.1,Neopterygii
NC_021385.1,Neopterygii
NC_021390.1,Neopterygii
NC_004413.1,Neopterygii
NC_021391.1,Neopterygii
NC_021392.1,Neopterygii
NC_021393.1,Neopterygii
NC_021394.1,Neopterygii
NC_021395.1,Neopterygii
NC_021405.1,Neopterygii
NC_021407.1,Neopterygii
NC_021409.1,Neopterygii
NC_021414.1,Neopterygii
NC_021418.1,Neopterygii
NC_004414.1,Neopterygii
NC_021419.1,Neopterygii
NC_021420.1,Neopterygii
NC_021421.1,Neopterygii
NC_021444.1,Neopterygii
NC_021446.1,Neopterygii
NC_021447.1,Neopterygii
NC_021448.1,Neopterygii
NC_021450.1,Neopterygii
NC_021451.1,Neopterygii
NC_021453.1,Neopterygii
NC_004415.1,Neopterygii
NC_021454.1,Neopterygii
NC_021459.1,Neopterygii
NC_021460.1,Neopterygii
NC_021462.1,Neopterygii
NC_021473.1,Neopterygii
NC_021596.1,Neopterygii
NC_021597.1,Neopterygii
NC_021598.1,Neopterygii
NC_021600.1,Neopterygii
NC_021601.1,Neopterygii
NC_004416.1,Neopterygii
NC_021602.1,Neopterygii
NC_021603.1,Neopterygii
NC_021604.1,Neopterygii
NC_021605.1,Neopterygii
NC_021606.1,Neopterygii
NC_021607.1,Neopterygii
NC_021608.1,Neopterygii
NC_021612.1,Neopterygii
NC_021613.1,Neopterygii
NC_021614.1,Neopterygii
NC_002574.1,Neopterygii
NC_004417.1,Neopterygii
NC_021616.1,Neopterygii
NC_021619.1,Neopterygii
NC_021620.1,Neopterygii
NC_021644.1,Neopterygii
NC_021651.1,Neopterygii
NC_021752.1,Neopterygii
NC_021755.1,Neopterygii
NC_021758.1,Neopterygii
NC_021759.1,Neopterygii
NC_021763.1,Neopterygii
NC_004449.1,Neopterygii
NC_021765.1,Neopterygii
NC_021769.1,Neopterygii
NC_021935.1,Neopterygii
NC_021968.1,Neopterygii
NC_021969.1,Neopterygii
NC_021972.1,Neopterygii
NC_021973.1,Neopterygii
NC_022138.1,Neopterygii
NC_022139.1,Neopterygii
NC_022140.1,Neopterygii
NC_004530.1,Neopterygii
NC_022141.1,Neopterygii
NC_022142.1,Neopterygii
NC_022143.1,Neopterygii
NC_022145.1,Neopterygii
NC_022147.1,Neopterygii
NC_022149.1,Neopterygii
NC_022177.1,Neopterygii
NC_022181.1,Neopterygii
NC_022182.1,Neopterygii
NC_022183.1,Neopterygii
NC_004590.1,Neopterygii
NC_022184.1,Neopterygii
NC_022186.1,Neopterygii
NC_022187.1,Neopterygii
NC_022188.1,Neopterygii
NC_022189.1,Neopterygii
NC_022190.1,Neopterygii
NC_022191.1,Neopterygii
NC_022192.1,Neopterygii
NC_022445.1,Neopterygii
NC_022446.1,Neopterygii
NC_004591.1,Neopterygii
NC_022447.1,Neopterygii
NC_022455.1,Neopterygii
NC_022456.1,Neopterygii
NC_022458.1,Neopterygii
NC_022464.1,Neopterygii
NC_022465.1,Neopterygii
NC_022475.1,Neopterygii
NC_022477.1,Neopterygii
NC_022478.1,Neopterygii
NC_022479.1,Neopterygii
NC_004592.1,Neopterygii
NC_022480.1,Neopterygii
NC_022481.1,Neopterygii
NC_022482.1,Neopterygii
NC_022483.1,Neopterygii
NC_022484.1,Neopterygii
NC_022485.1,Neopterygii
NC_022486.1,Neopterygii
NC_022487.1,Neopterygii
NC_022488.1,Neopterygii
NC_022489.1,Neopterygii
NC_004593.1,Neopterygii
NC_022490.1,Neopterygii
NC_022491.1,Neopterygii
NC_022492.1,Neopterygii
NC_022493.1,Neopterygii
NC_022494.1,Neopterygii
NC_022495.1,Neopterygii
NC_022496.1,Neopterygii
NC_022497.1,Neopterygii
NC_022498.1,Neopterygii
NC_022499.1,Neopterygii
NC_004594.1,Neopterygii
NC_022500.1,Neopterygii
NC_022501.1,Neopterygii
NC_022502.1,Neopterygii
NC_022503.1,Neopterygii
NC_022504.1,Neopterygii
NC_022505.1,Neopterygii
NC_022506.1,Neopterygii
NC_022507.1,Neopterygii
NC_022508.1,Neopterygii
NC_022509.1,Neopterygii
NC_004595.1,Neopterygii
NC_022510.1,Neopterygii
NC_022511.1,Neopterygii
NC_022512.1,Neopterygii
NC_022678.1,Neopterygii
NC_022690.1,Neopterygii
NC_022692.1,Neopterygii
NC_022702.1,Neopterygii
NC_022704.1,Neopterygii
NC_022705.1,Neopterygii
NC_022706.1,Neopterygii
NC_004596.1,Neopterygii
NC_022707.1,Neopterygii
NC_022711.1,Neopterygii
NC_022712.1,Neopterygii
NC_022713.1,Neopterygii
NC_022717.1,Neopterygii
NC_022718.1,Neopterygii
NC_022720.1,Neopterygii
NC_022721.1,Neopterygii
NC_022722.1,Neopterygii
NC_022723.1,Neopterygii
NC_002616.1,Neopterygii
NC_004597.1,Neopterygii
NC_022724.1,Neopterygii
NC_022725.1,Neopterygii
NC_022726.1,Neopterygii
NC_022728.1,Neopterygii
NC_022818.1,Neopterygii
NC_022836.1,Neopterygii
NC_022838.1,Neopterygii
NC_022844.1,Neopterygii
NC_022845.1,Neopterygii
NC_022848.1,Neopterygii
NC_004598.1,Neopterygii
NC_022851.1,Neopterygii
NC_022852.1,Neopterygii
NC_022854.1,Neopterygii
NC_022855.1,Neopterygii
NC_022856.1,Neopterygii
NC_022858.1,Neopterygii
NC_022866.1,Neopterygii
NC_022867.1,Neopterygii
NC_022869.1,Neopterygii
NC_022923.1,Neopterygii
NC_004599.1,Neopterygii
NC_022925.1,Neopterygii
NC_022929.1,Neopterygii
NC_022930.1,Neopterygii
NC_022931.1,Neopterygii
NC_022932.1,Neopterygii
NC_022934.1,Neopterygii
NC_022940.1,Neopterygii
NC_022941.1,Neopterygii
NC_022942.1,Neopterygii
NC_022943.1,Neopterygii
NC_004600.1,Neopterygii
NC_022944.1,Neopterygii
NC_022945.1,Neopterygii
NC_022946.1,Neopterygii
NC_022947.1,Neopterygii
NC_022948.1,Neopterygii
NC_022949.1,Neopterygii
NC_022950.1,Neopterygii
NC_022951.1,Neopterygii
NC_022952.1,Neopterygii
NC_022953.1,Neopterygii
NC_004692.1,Neopterygii
NC_022954.1,Neopterygii
NC_022955.1,Neopterygii
NC_022956.1,Neopterygii
NC_022960.1,Neopterygii
NC_023101.1,Neopterygii
NC_023105.1,Neopterygii
NC_023106.1,Neopterygii
NC_023129.1,Neopterygii
NC_023222.1,Neopterygii
NC_023223.1,Neopterygii
NC_004693.1,Neopterygii
NC_023224.1,Neopterygii
NC_023225.1,Neopterygii
NC_023226.1,Neopterygii
NC_023227.1,Neopterygii
NC_023228.1,Neopterygii
NC_023229.1,Neopterygii
NC_023230.1,Neopterygii
NC_023231.1,Neopterygii
NC_023258.1,Neopterygii
NC_023265.1,Neopterygii
NC_004694.1,Neopterygii
NC_023267.1,Neopterygii
NC_023269.1,Neopterygii
NC_023336.1,Neopterygii
NC_023353.1,Neopterygii
NC_023365.1,Neopterygii
NC_023366.1,Neopterygii
NC_023376.1,Neopterygii
NC_023378.1,Neopterygii
NC_023383.1,Neopterygii
NC_023446.1,Neopterygii
NC_004695.1,Neopterygii
NC_023447.1,Neopterygii
NC_023448.1,Neopterygii
NC_023456.1,Neopterygii
NC_023458.1,Neopterygii
NC_023461.1,Neopterygii
NC_023466.1,Neopterygii
NC_023468.1,Neopterygii
NC_023470.1,Neopterygii
NC_023472.1,Neopterygii
NC_023473.1,Neopterygii
NC_004696.1,Neopterygii
NC_023475.1,Neopterygii
NC_023524.1,Neopterygii
NC_023526.1,Neopterygii
NC_023531.1,Neopterygii
NC_023534.1,Neopterygii
NC_023538.1,Neopterygii
NC_023539.1,Neopterygii
NC_023768.1,Neopterygii
NC_023769.1,Neopterygii
NC_023781.1,Neopterygii
NC_004697.1,Neopterygii
NC_023786.1,Neopterygii
NC_023793.1,Neopterygii
NC_023797.1,Neopterygii
NC_023799.1,Neopterygii
NC_023802.1,Neopterygii
NC_023803.1,Neopterygii
NC_023804.1,Neopterygii
NC_023807.1,Neopterygii
NC_023824.1,Neopterygii
NC_023826.1,Neopterygii
NC_002646.1,Neopterygii
NC_004698.1,Neopterygii
NC_023827.1,Neopterygii
NC_023828.1,Neopterygii
NC_023829.1,Neopterygii
NC_023923.1,Neopterygii
NC_023924.1,Neopterygii
NC_023941.1,Neopterygii
NC_023947.1,Neopterygii
NC_023952.1,Neopterygii
NC_023954.1,Neopterygii
NC_023966.1,Neopterygii
NC_004699.1,Neopterygii
NC_023967.1,Neopterygii
NC_023968.1,Neopterygii
NC_023972.1,Neopterygii
NC_023973.1,Neopterygii
NC_023974.1,Neopterygii
NC_023975.1,Neopterygii
NC_023976.1,Neopterygii
NC_023977.1,Neopterygii
NC_023979.1,Neopterygii
NC_023980.1,Neopterygii
NC_004700.1,Neopterygii
NC_024026.1,Neopterygii
NC_024032.1,Neopterygii
NC_024039.1,Neopterygii
NC_024044.1,Neopterygii
NC_024049.1,Neopterygii
NC_024058.1,Neopterygii
NC_024086.1,Neopterygii
NC_024088.1,Neopterygii
NC_024100.1,Neopterygii
NC_024108.1,Neopterygii
NC_004701.1,Neopterygii
NC_024109.1,Neopterygii
NC_024163.1,Neopterygii
NC_024178.1,Neopterygii
NC_024183.1,Neopterygii
NC_024184.1,Neopterygii
NC_024185.1,Neopterygii
NC_024186.1,Neopterygii
NC_024187.1,Neopterygii
NC_024188.1,Neopterygii
NC_024189.1,Neopterygii
NC_004702.1,Neopterygii
NC_024190.1,Neopterygii
NC_024191.1,Neopterygii
NC_024192.1,Neopterygii
NC_024193.1,Neopterygii
NC_024194.1,Neopterygii
NC_024195.1,Neopterygii
NC_024197.1,Neopterygii
NC_024199.1,Neopterygii
NC_024236.1,Neopterygii
NC_024238.1,Neopterygii
NC_004742.1,Neopterygii
NC_024263.1,Neopterygii
NC_024273.1,Neopterygii
NC_024274.1,Neopterygii
NC_024277.1,Neopterygii
NC_024278.1,Neopterygii
NC_024279.1,Neopterygii
NC_024285.1,Neopterygii
NC_024294.1,Neopterygii
NC_024422.1,Neopterygii
NC_024423.1,Neopterygii
NC_004744.1,Neopterygii
NC_024430.1,Neopterygii
NC_024431.1,Neopterygii
NC_024432.1,Neopterygii
NC_024433.1,Neopterygii
NC_024434.1,Neopterygii
NC_024436.1,Neopterygii
NC_024527.1,Neopterygii
NC_024528.1,Neopterygii
NC_024530.1,Neopterygii
NC_024531.1,Neopterygii
NC_004901.2,Neopterygii
NC_024534.1,Neopterygii
NC_024536.1,Neopterygii
NC_024537.1,Neopterygii
NC_024540.1,Neopterygii
NC_024549.1,Neopterygii
NC_024556.1,Neopterygii
NC_024561.1,Neopterygii
NC_024566.1,Neopterygii
NC_024572.1,Neopterygii
NC_024573.1,Neopterygii
NC_005144.1,Neopterygii
NC_024574.1,Neopterygii
NC_024578.1,Neopterygii
NC_024580.1,Neopterygii
NC_024585.1,Neopterygii
NC_024587.1,Neopterygii
NC_024588.1,Neopterygii
NC_024597.1,Neopterygii
NC_024598.1,Neopterygii
NC_024606.1,Neopterygii
NC_024609.1,Neopterygii
NC_005145.1,Neopterygii
NC_024610.1,Neopterygii
NC_024611.1,Neopterygii
NC_024621.1,Neopterygii
NC_024623.1,Neopterygii
NC_024634.1,Neopterygii
NC_024672.1,Neopterygii
NC_024674.1,Neopterygii
NC_024729.1,Neopterygii
NC_024737.1,Neopterygii
NC_024739.1,Neopterygii
NC_002647.1,Neopterygii
NC_005146.1,Neopterygii
NC_024746.1,Neopterygii
NC_024749.1,Neopterygii
NC_024752.1,Neopterygii
NC_024753.1,Neopterygii
NC_024833.1,Neopterygii
NC_024834.1,Neopterygii
NC_024835.1,Neopterygii
NC_024836.1,Neopterygii
NC_024837.1,Neopterygii
NC_024840.1,Neopterygii
NC_005254.2,Neopterygii
NC_024841.1,Neopterygii
NC_024842.1,Neopterygii
NC_024844.1,Neopterygii
NC_024846.1,Neopterygii
NC_024847.1,Neopterygii
NC_024848.1,Neopterygii
NC_024849.1,Neopterygii
NC_024850.1,Neopterygii
NC_024851.1,Neopterygii
NC_024852.1,Neopterygii
NC_005257.1,Neopterygii
NC_024853.1,Neopterygii
NC_024854.1,Neopterygii
NC_024857.1,Neopterygii
NC_024858.1,Neopterygii
NC_024876.1,Neopterygii
NC_024879.1,Neopterygii
NC_024880.1,Neopterygii
NC_024881.1,Neopterygii
NC_024883.1,Neopterygii
NC_024885.1,Neopterygii
NC_005298.1,Neopterygii
NC_024921.1,Neopterygii
NC_024930.1,Neopterygii
NC_024934.1,Neopterygii
NC_024938.1,Neopterygii
NC_024939.1,Neopterygii
NC_024940.1,Neopterygii
NC_024941.1,Neopterygii
NC_024946.1,Neopterygii
NC_024947.1,Neopterygii
NC_024948.1,Neopterygii
NC_005299.1,Neopterygii
NC_024949.1,Neopterygii
NC_024950.1,Neopterygii
NC_024951.1,Neopterygii
NC_024952.1,Neopterygii
NC_024953.1,Neopterygii
NC_025199.1,Neopterygii
NC_025225.1,Neopterygii
NC_025242.1,Neopterygii
NC_025286.1,Neopterygii
NC_025290.1,Neopterygii
NC_005313.1,Neopterygii
NC_025297.1,Neopterygii
NC_025298.1,Neopterygii
NC_025300.1,Neopterygii
NC_025301.1,Neopterygii
NC_025303.1,Neopterygii
NC_025307.1,Neopterygii
NC_025315.2,Neopterygii
NC_025317.1,Neopterygii
NC_025319.1,Neopterygii
NC_025321.1,Neopterygii
NC_005316.1,Neopterygii
NC_025326.1,Neopterygii
NC_025336.1,Neopterygii
NC_025337.1,Neopterygii
NC_025515.1,Neopterygii
NC_025517.1,Neopterygii
NC_025519.1,Neopterygii
NC_025555.1,Neopterygii
NC_025562.1,Neopterygii
NC_025565.1,Neopterygii
NC_025566.1,Neopterygii
NC_005317.1,Neopterygii
NC_025576.1,Neopterygii
NC_025584.1,Neopterygii
NC_025585.1,Neopterygii
NC_025588.1,Neopterygii
NC_025589.1,Neopterygii
NC_025590.1,Neopterygii
NC_025631.1,Neopterygii
NC_025632.1,Neopterygii
NC_025638.1,Neopterygii
NC_025644.1,Neopterygii
NC_005318.1,Neopterygii
NC_025646.1,Neopterygii
NC_025648.1,Neopterygii
NC_025650.1,Neopterygii
NC_025665.1,Neopterygii
NC_025669.1,Neopterygii
NC_025671.1,Neopterygii
NC_025767.1,Neopterygii
NC_025770.1,Neopterygii
NC_025771.1,Neopterygii
NC_025785.1,Neopterygii
NC_005450.1,Neopterygii
NC_025903.1,Neopterygii
NC_025930.1,Neopterygii
NC_025932.1,Neopterygii
NC_025934.1,Neopterygii
NC_025935.1,Neopterygii
NC_025937.1,Neopterygii
NC_025939.1,Neopterygii
NC_025940.1,Neopterygii
NC_025941.1,Neopterygii
NC_025947.1,Neopterygii
NC_002648.1,Neopterygii
NC_005796.1,Neopterygii
NC_025950.1,Neopterygii
NC_025951.1,Neopterygii
NC_025953.1,Neopterygii
NC_026074.1,Neopterygii
NC_026075.1,Neopterygii
NC_026078.1,Neopterygii
NC_026100.1,Neopterygii
NC_026106.1,Neopterygii
NC_026109.1,Neopterygii
NC_026110.1,Neopterygii
NC_005798.1,Neopterygii
NC_026118.1,Neopterygii
NC_026119.1,Neopterygii
NC_026122.1,Neopterygii
NC_026127.1,Neopterygii
NC_026128.1,Neopterygii
NC_026129.1,Neopterygii
NC_026130.1,Neopterygii
NC_026191.1,Neopterygii
NC_026194.2,Neopterygii
NC_026195.1,Neopterygii
NC_005799.1,Neopterygii
NC_026205.1,Neopterygii
NC_026206.1,Neopterygii
NC_026211.1,Neopterygii
NC_026213.1,Neopterygii
NC_026217.1,Neopterygii
NC_026221.1,Neopterygii
NC_026222.1,Neopterygii
NC_026229.1,Neopterygii
NC_026230.1,Neopterygii
NC_026232.1,Neopterygii
NC_005800.1,Neopterygii
NC_026233.1,Neopterygii
NC_026234.1,Neopterygii
NC_026235.1,Neopterygii
NC_026236.1,Neopterygii
NC_026237.1,Neopterygii
NC_026284.1,Neopterygii
NC_026294.1,Neopterygii
NC_026303.1,Neopterygii
NC_026304.1,Neopterygii
NC_026313.1,Neopterygii
NC_005801.1,Neopterygii
NC_026451.1,Neopterygii
NC_026453.1,Neopterygii
NC_026455.1,Neopterygii
NC_026458.1,Neopterygii
NC_026464.1,Neopterygii
NC_026467.1,Neopterygii
NC_026519.1,Neopterygii
NC_026520.1,Neopterygii
NC_026521.1,Neopterygii
NC_026526.1,Neopterygii
NC_005802.1,Neopterygii
NC_026528.1,Neopterygii
NC_026533.1,Neopterygii
NC_026535.1,Neopterygii
NC_026537.1,Neopterygii
NC_026543.1,Neopterygii
NC_026544.1,Neopterygii
NC_026545.1,Neopterygii
NC_026549.1,Neopterygii
NC_026566.1,Neopterygii
NC_026578.1,Neopterygii
NC_005803.1,Neopterygii
NC_026579.1,Neopterygii
NC_026580.2,Neopterygii
NC_026581.1,Neopterygii
NC_026689.1,Neopterygii
NC_026693.1,Neopterygii
NC_026709.1,Neopterygii
NC_026712.1,Neopterygii
NC_026714.1,Neopterygii
NC_026717.1,Neopterygii
NC_026718.1,Neopterygii
NC_005804.1,Neopterygii
NC_026725.1,Neopterygii
NC_026731.1,Neopterygii
NC_026794.1,Neopterygii
NC_026845.1,Neopterygii
NC_026846.1,Neopterygii
NC_026870.1,Neopterygii
NC_026872.1,Neopterygii
NC_026873.1,Neopterygii
NC_026883.1,Neopterygii
NC_026886.1,Neopterygii
NC_005805.1,Neopterygii
NC_026887.1,Neopterygii
NC_026888.1,Neopterygii
NC_026889.1,Neopterygii
NC_026897.1,Neopterygii
NC_026899.1,Neopterygii
NC_026900.1,Neopterygii
NC_026902.1,Neopterygii
NC_026904.1,Neopterygii
NC_026912.1,Neopterygii
NC_026918.1,Neopterygii
NC_005836.1,Neopterygii
NC_026919.1,Neopterygii
NC_026973.1,Neopterygii
NC_026989.1,Neopterygii
NC_026994.1,Neopterygii
NC_026998.1,Neopterygii
NC_027062.1,Neopterygii
NC_027069.1,Neopterygii
NC_027070.1,Neopterygii
NC_027084.1,Neopterygii
NC_027088.1,Neopterygii
NC_002674.1,Neopterygii
NC_005837.1,Neopterygii
NC_027097.1,Neopterygii
NC_027098.1,Neopterygii
NC_027107.1,Neopterygii
NC_027160.1,Neopterygii
NC_027162.1,Neopterygii
NC_027164.1,Neopterygii
NC_027165.1,Neopterygii
NC_027166.1,Neopterygii
NC_027167.1,Neopterygii
NC_027168.1,Neopterygii
NC_006131.1,Neopterygii
NC_027169.1,Neopterygii
NC_027171.1,Neopterygii
NC_027175.1,Neopterygii
NC_027183.1,Neopterygii
NC_027186.1,Neopterygii
NC_027189.1,Neopterygii
NC_027192.1,Neopterygii
NC_027193.1,Neopterygii
NC_027228.1,Neopterygii
NC_027234.1,Neopterygii
NC_006136.1,Neopterygii
NC_027238.1,Neopterygii
NC_027239.1,Neopterygii
NC_027240.1,Neopterygii
NC_027255.1,Neopterygii
NC_027268.1,Neopterygii
NC_027270.1,Neopterygii
NC_027273.1,Neopterygii
NC_027277.1,Neopterygii
NC_027281.1,Neopterygii
NC_027289.1,Neopterygii
NC_006291.1,Neopterygii
NC_027291.1,Neopterygii
NC_027408.1,Neopterygii
NC_027409.1,Neopterygii
NC_027410.1,Neopterygii
NC_027411.1,Neopterygii
NC_027412.1,Neopterygii
NC_027435.1,Neopterygii
NC_027436.1,Neopterygii
NC_027437.1,Neopterygii
NC_027438.1,Neopterygii
NC_006355.1,Neopterygii
NC_027439.1,Neopterygii
NC_027440.1,Neopterygii
NC_027444.1,Neopterygii
NC_027445.1,Neopterygii
NC_027446.1,Neopterygii
NC_027447.1,Neopterygii
NC_027448.1,Neopterygii
NC_027495.1,Neopterygii
NC_027498.1,Neopterygii
NC_027517.1,Neopterygii
NC_006381.1,Neopterygii
NC_027582.1,Neopterygii
NC_027583.1,Neopterygii
NC_027585.1,Neopterygii
NC_027586.1,Neopterygii
NC_027587.1,Neopterygii
NC_027588.1,Neopterygii
NC_027592.1,Neopterygii
NC_027594.1,Neopterygii
NC_027595.1,Neopterygii
NC_027596.1,Neopterygii
NC_006387.1,Neopterygii
NC_027597.1,Neopterygii
NC_027598.1,Neopterygii
NC_027599.1,Neopterygii
NC_027600.1,Neopterygii
NC_027617.1,Neopterygii
NC_027651.1,Neopterygii
NC_027652.1,Neopterygii
NC_027654.1,Neopterygii
NC_027656.1,Neopterygii
NC_027661.1,Neopterygii
NC_006398.1,Neopterygii
NC_027662.1,Neopterygii
NC_027663.1,Neopterygii
NC_027664.1,Neopterygii
NC_027665.1,Neopterygii
NC_027670.1,Neopterygii
NC_027688.1,Neopterygii
NC_027689.1,Neopterygii
NC_027690.1,Neopterygii
NC_027733.1,Neopterygii
NC_027734.1,Neopterygii
NC_006401.1,Neopterygii
NC_027735.1,Neopterygii
NC_027737.1,Neopterygii
NC_027741.1,Neopterygii
NC_027745.1,Neopterygii
NC_027849.1,Neopterygii
NC_027850.1,Neopterygii
NC_027853.1,Neopterygii
NC_027856.1,Neopterygii
NC_027857.1,Neopterygii
NC_027858.1,Neopterygii
NC_006531.1,Neopterygii
NC_027931.1,Neopterygii
NC_027940.1,Neopterygii
NC_027944.1,Neopterygii
NC_027946.1,Neopterygii
NC_027949.1,Neopterygii
NC_027950.1,Neopterygii
NC_027953.1,Neopterygii
NC_027965.1,Neopterygii
NC_027967.1,Neopterygii
NC_027968.1,Neopterygii
NC_002707.2,Neopterygii
NC_006532.1,Neopterygii
NC_027969.1,Neopterygii
NC_027970.1,Neopterygii
NC_027971.1,Neopterygii
NC_027972.1,Neopterygii
NC_028011.1,Neopterygii
NC_028014.1,Neopterygii
NC_028018.1,Neopterygii
NC_028021.1,Neopterygii
NC_028022.1,Neopterygii
NC_028028.1,Neopterygii
NC_006533.1,Neopterygii
NC_028033.1,Neopterygii
NC_028055.1,Neopterygii
NC_028072.1,Neopterygii
NC_028079.1,Neopterygii
NC_028083.1,Neopterygii
NC_028087.1,Neopterygii
NC_028088.1,Neopterygii
NC_028089.1,Neopterygii
NC_028090.1,Neopterygii
NC_028151.1,Neopterygii
NC_006534.1,Neopterygii
NC_028156.1,Neopterygii
NC_028157.1,Neopterygii
NC_028165.1,Neopterygii
NC_028166.1,Neopterygii
NC_028167.1,Neopterygii
NC_028169.1,Neopterygii
NC_028172.1,Neopterygii
NC_028173.1,Neopterygii
NC_028175.1,Neopterygii
NC_028180.1,Neopterygii
NC_006535.3,Neopterygii
NC_028181.1,Neopterygii
NC_028182.1,Neopterygii
NC_028197.1,Neopterygii
NC_028198.1,Neopterygii
NC_028205.1,Neopterygii
NC_028206.1,Neopterygii
NC_028208.1,Neopterygii
NC_028228.1,Neopterygii
NC_028274.1,Neopterygii
NC_028275.1,Neopterygii
NC_006536.1,Neopterygii
NC_028276.1,Neopterygii
NC_028277.1,Neopterygii
NC_028279.1,Neopterygii
NC_028280.1,Neopterygii
NC_028281.1,Neopterygii
NC_028282.1,Neopterygii
NC_028284.1,Neopterygii
NC_028285.1,Neopterygii
NC_028286.1,Neopterygii
NC_028287.1,Neopterygii
NC_006537.1,Neopterygii
NC_028288.1,Neopterygii
NC_028289.1,Neopterygii
NC_028291.1,Neopterygii
NC_028292.1,Neopterygii
NC_028293.1,Neopterygii
NC_028294.1,Neopterygii
NC_028295.1,Neopterygii
NC_028298.1,Neopterygii
NC_028403.1,Neopterygii
NC_028406.1,Neopterygii
NC_006538.1,Neopterygii
NC_028416.1,Neopterygii
NC_028417.1,Neopterygii
NC_028418.1,Neopterygii
NC_028419.1,Neopterygii
NC_028420.1,Neopterygii
NC_028423.1,Neopterygii
NC_028426.1,Neopterygii
NC_028428.1,Neopterygii
NC_028431.1,Neopterygii
NC_028432.1,Neopterygii
NC_006539.1,Neopterygii
NC_028433.1,Neopterygii
NC_028434.1,Neopterygii
NC_028435.1,Neopterygii
NC_028509.1,Neopterygii
NC_028510.1,Neopterygii
NC_028511.1,Neopterygii
NC_028512.1,Neopterygii
NC_028513.1,Neopterygii
NC_028514.1,Neopterygii
NC_028515.1,Neopterygii
NC_006540.1,Neopterygii
NC_028516.1,Neopterygii
NC_028526.1,Neopterygii
NC_028527.1,Neopterygii
NC_028529.1,Neopterygii
NC_028530.1,Neopterygii
NC_028540.1,Neopterygii
NC_028544.1,Neopterygii
NC_028546.1,Neopterygii
NC_028550.1,Neopterygii
NC_028551.1,Neopterygii
NC_006541.1,Neopterygii
NC_028593.1,Neopterygii
NC_028595.1,Neopterygii
NC_028596.1,Neopterygii
NC_028630.1,Neopterygii
NC_028716.1,Neopterygii
NC_028717.1,Neopterygii
NC_028723.1,Neopterygii
NC_028736.1,Neopterygii
NC_029149.1,Neopterygii
NC_029152.1,Neopterygii
NC_002734.2,Neopterygii
NC_006542.1,Neopterygii
NC_029156.1,Neopterygii
NC_029157.1,Neopterygii
NC_029158.1,Neopterygii
NC_029159.1,Neopterygii
NC_029160.1,Neopterygii
NC_029171.1,Neopterygii
NC_029181.1,Neopterygii
NC_029184.1,Neopterygii
NC_029187.1,Neopterygii
NC_029190.1,Neopterygii
NC_006543.1,Neopterygii
NC_029195.1,Neopterygii
NC_029216.1,Neopterygii
NC_029222.1,Neopterygii
NC_029223.1,Neopterygii
NC_029228.1,Neopterygii
NC_029234.1,Neopterygii
NC_029237.1,Neopterygii
NC_029242.1,Neopterygii
NC_029247.1,Neopterygii
NC_029249.1,Neopterygii
NC_006544.1,Neopterygii
NC_029252.1,Neopterygii
NC_029318.1,Neopterygii
NC_029320.1,Neopterygii
NC_029323.1,Neopterygii
NC_029330.1,Neopterygii
NC_029341.1,Neopterygii
NC_029343.1,Neopterygii
NC_029348.1,Neopterygii
NC_029349.1,Neopterygii
NC_029350.1,Neopterygii
NC_006545.1,Neopterygii
NC_029353.1,Neopterygii
NC_029362.1,Neopterygii
NC_029368.1,Neopterygii
NC_029376.1,Neopterygii
NC_029380.1,Neopterygii
NC_029382.1,Neopterygii
NC_029385.1,Neopterygii
NC_029387.1,Neopterygii
NC_029388.1,Neopterygii
NC_029389.1,Neopterygii
NC_006546.1,Neopterygii
NC_029405.1,Neopterygii
NC_029421.1,Neopterygii
NC_029423.1,Neopterygii
NC_029425.1,Neopterygii
NC_029426.1,Neopterygii
NC_029436.1,Neopterygii
NC_029437.1,Neopterygii
NC_029438.1,Neopterygii
NC_029439.1,Neopterygii
NC_029440.1,Neopterygii
NC_006547.2,Neopterygii
NC_029441.1,Neopterygii
NC_029442.1,Neopterygii
NC_029443.1,Neopterygii
NC_029444.1,Neopterygii
NC_029445.1,Neopterygii
NC_029446.1,Neopterygii
NC_029447.1,Neopterygii
NC_029448.1,Neopterygii
NC_029449.1,Neopterygii
NC_029450.1,Neopterygii
NC_006580.1,Neopterygii
NC_029451.1,Neopterygii
NC_029453.1,Neopterygii
NC_029455.1,Neopterygii
NC_029461.1,Neopterygii
NC_029471.1,Neopterygii
NC_029472.1,Neopterygii
NC_029473.1,Neopterygii
NC_029474.1,Neopterygii
NC_029476.1,Neopterygii
NC_029479.1,Neopterygii
NC_006818.1,Neopterygii
NC_029488.1,Neopterygii
NC_029489.1,Neopterygii
NC_029492.1,Neopterygii
NC_029707.1,Neopterygii
NC_029708.1,Neopterygii
NC_029709.1,Neopterygii
NC_029710.1,Neopterygii
NC_029714.1,Neopterygii
NC_029715.1,Neopterygii
NC_029718.1,Neopterygii
NC_006897.1,Neopterygii
NC_029722.1,Neopterygii
NC_029728.1,Neopterygii
NC_029729.1,Neopterygii
NC_029730.1,Neopterygii
NC_029737.1,Neopterygii
NC_029738.1,Neopterygii
NC_029739.1,Neopterygii
NC_029740.1,Neopterygii
NC_029744.1,Neopterygii
NC_029752.1,Neopterygii
NC_006913.1,Neopterygii
NC_029761.1,Neopterygii
NC_029771.1,Neopterygii
NC_029831.1,Neopterygii
NC_029832.1,Neopterygii
NC_029841.1,Neopterygii
NC_029842.1,Neopterygii
NC_029845.1,Neopterygii
NC_029875.1,Neopterygii
NC_029877.1,Neopterygii
NC_029880.1,Neopterygii
NC_002761.2,Neopterygii
NC_006917.1,Neopterygii
NC_029890.1,Neopterygii
NC_029938.1,Neopterygii
NC_029940.1,Neopterygii
NC_029946.1,Neopterygii
NC_030005.1,Neopterygii
NC_030006.1,Neopterygii
NC_030007.1,Neopterygii
NC_030008.1,Neopterygii
NC_030009.1,Neopterygii
NC_030010.1,Neopterygii
NC_006918.1,Neopterygii
NC_030057.1,Neopterygii
NC_030170.1,Neopterygii
NC_030175.1,Neopterygii
NC_030187.1,Neopterygii
NC_030188.1,Neopterygii
NC_030247.1,Neopterygii
NC_030251.1,Neopterygii
NC_030253.1,Neopterygii
NC_030256.1,Neopterygii
NC_030259.1,Neopterygii
NC_006919.1,Neopterygii
NC_030272.1,Neopterygii
NC_030276.1,Neopterygii
NC_030278.1,Neopterygii
NC_030279.1,Neopterygii
NC_030281.1,Neopterygii
NC_030318.1,Neopterygii
NC_030320.1,Neopterygii
NC_030321.1,Neopterygii
NC_030322.1,Neopterygii
NC_030323.1,Neopterygii
NC_006920.1,Neopterygii
NC_030335.1,Neopterygii
NC_030345.1,Neopterygii
NC_030353.1,Neopterygii
NC_030364.1,Neopterygii
NC_030365.1,Neopterygii
NC_030366.1,Neopterygii
NC_030367.1,Neopterygii
NC_030373.1,Neopterygii
NC_030374.1,Neopterygii
NC_030375.1,Neopterygii
NC_007012.1,Neopterygii
NC_030481.1,Neopterygii
NC_030483.1,Neopterygii
NC_030485.1,Neopterygii
NC_030505.1,Neopterygii
NC_030506.1,Neopterygii
NC_030511.1,Neopterygii
NC_030512.1,Neopterygii
NC_030513.1,Neopterygii
NC_030521.1,Neopterygii
NC_030538.1,Neopterygii
NC_007228.1,Neopterygii
NC_030542.1,Neopterygii
NC_030584.1,Neopterygii
NC_030589.1,Neopterygii
NC_030590.1,Neopterygii
NC_030591.1,Neopterygii
NC_030597.1,Neopterygii
NC_030607.1,Neopterygii
NC_030608.1,Neopterygii
NC_030610.1,Neopterygii
NC_030628.1,Neopterygii
NC_007229.1,Neopterygii
NC_030634.1,Neopterygii
NC_030759.1,Neopterygii
NC_030766.1,Neopterygii
NC_031152.1,Neopterygii
NC_031165.1,Neopterygii
NC_031181.1,Neopterygii
NC_031182.1,Neopterygii
NC_031183.1,Neopterygii
NC_031325.1,Neopterygii
NC_031331.1,Neopterygii
NC_007231.1,Neopterygii
NC_031363.1,Neopterygii
NC_031372.1,Neopterygii
NC_031378.1,Neopterygii
NC_031380.1,Neopterygii
NC_031382.1,Neopterygii
NC_031409.1,Neopterygii
NC_031415.1,Neopterygii
NC_031416.1,Neopterygii
NC_031418.1,Neopterygii
NC_031419.1,Neopterygii
NC_007395.1,Neopterygii
NC_031424.1,Neopterygii
NC_031430.1,Neopterygii
NC_031431.1,Neopterygii
NC_031439.1,Neopterygii
NC_031440.1,Neopterygii
NC_031460.1,Neopterygii
NC_031519.1,Neopterygii
NC_031520.1,Neopterygii
NC_031521.1,Neopterygii
NC_031522.1,Neopterygii
NC_007396.1,Neopterygii
NC_031523.1,Neopterygii
NC_031524.1,Neopterygii
NC_031525.1,Neopterygii
NC_031526.1,Neopterygii
NC_031527.1,Neopterygii
NC_031528.1,Neopterygii
NC_031529.1,Neopterygii
NC_031530.1,Neopterygii
NC_031531.1,Neopterygii
NC_031532.1,Neopterygii
NC_000861.1,Neopterygii
NC_002812.1,Neopterygii
NC_007403.1,Neopterygii
NC_031533.1,Neopterygii
NC_031534.1,Neopterygii
NC_031535.1,Neopterygii
NC_031536.1,Neopterygii
NC_031537.1,Neopterygii
NC_031538.1,Neopterygii
NC_031539.1,Neopterygii
NC_031540.1,Neopterygii
NC_031541.1,Neopterygii
NC_031542.1,Neopterygii
NC_007439.1,Neopterygii
NC_031543.1,Neopterygii
NC_031544.1,Neopterygii
NC_031545.1,Neopterygii
NC_031546.1,Neopterygii
NC_031547.1,Neopterygii
NC_031548.1,Neopterygii
NC_031549.1,Neopterygii
NC_031550.1,Neopterygii
NC_031551.1,Neopterygii
NC_031552.1,Neopterygii
NC_007783.2,Neopterygii
NC_031553.1,Neopterygii
NC_031554.1,Neopterygii
NC_031555.1,Neopterygii
NC_031556.1,Neopterygii
NC_031557.1,Neopterygii
NC_031558.1,Neopterygii
NC_031559.1,Neopterygii
NC_031560.1,Neopterygii
NC_031561.1,Neopterygii
NC_031562.1,Neopterygii
NC_007784.2,Neopterygii
NC_031563.1,Neopterygii
NC_031564.1,Neopterygii
NC_031565.1,Neopterygii
NC_031566.1,Neopterygii
NC_031567.1,Neopterygii
NC_031568.1,Neopterygii
NC_031569.1,Neopterygii
NC_031570.1,Neopterygii
NC_031571.1,Neopterygii
NC_031572.1,Neopterygii
NC_007785.2,Neopterygii
NC_031573.1,Neopterygii
NC_031574.1,Neopterygii
NC_031575.1,Neopterygii
NC_031576.1,Neopterygii
NC_031577.1,Neopterygii
NC_031578.1,Neopterygii
NC_031579.1,Neopterygii
NC_031580.1,Neopterygii
NC_031581.1,Neopterygii
NC_031582.1,Neopterygii
NC_007786.2,Neopterygii
NC_031583.1,Neopterygii
NC_031584.1,Neopterygii
NC_031585.1,Neopterygii
NC_031586.1,Neopterygii
NC_031587.1,Neopterygii
NC_031588.1,Neopterygii
NC_031589.1,Neopterygii
NC_031590.1,Neopterygii
NC_031591.1,Neopterygii
NC_031592.1,Neopterygii
NC_007882.1,Neopterygii
NC_031593.1,Neopterygii
NC_031594.1,Neopterygii
NC_031595.1,Neopterygii
NC_031596.1,Neopterygii
NC_031597.1,Neopterygii
NC_031598.1,Neopterygii
NC_031599.1,Neopterygii
NC_031600.1,Neopterygii
NC_031601.1,Neopterygii
NC_031602.1,Neopterygii
NC_007885.1,Neopterygii
NC_031603.1,Neopterygii
NC_031604.1,Neopterygii
NC_031605.1,Neopterygii
NC_031606.1,Neopterygii
NC_031607.1,Neopterygii
NC_031608.1,Neopterygii
NC_031609.1,Neopterygii
NC_031610.1,Neopterygii
NC_031611.1,Neopterygii
NC_031612.1,Neopterygii
NC_007887.1,Neopterygii
NC_031613.1,Neopterygii
NC_031614.1,Neopterygii
NC_031615.1,Neopterygii
NC_031616.1,Neopterygii
NC_031617.1,Neopterygii
NC_031618.1,Neopterygii
NC_031619.1,Neopterygii
NC_031620.1,Neopterygii
NC_031621.1,Neopterygii
NC_031622.1,Neopterygii
NC_007889.1,Neopterygii
NC_031623.1,Neopterygii
NC_031624.1,Neopterygii
NC_031625.1,Neopterygii
NC_031626.1,Neopterygii
NC_031627.1,Neopterygii
NC_031628.1,Neopterygii
NC_031629.1,Neopterygii
NC_031630.1,Neopterygii
NC_031631.1,Neopterygii
NC_031632.1,Neopterygii
NC_002813.1,Neopterygii
NC_007890.1,Neopterygii
NC_031633.1,Neopterygii
NC_031634.1,Neopterygii
NC_031635.1,Neopterygii
NC_031636.1,Neopterygii
NC_031637.1,Neopterygii
NC_031638.1,Neopterygii
NC_031639.1,Neopterygii
NC_031640.1,Neopterygii
NC_031641.1,Neopterygii
NC_031642.1,Neopterygii
NC_007891.1,Neopterygii
NC_031669.1,Neopterygii
NC_031803.1,Neopterygii
NC_031807.1,Neopterygii
NC_031808.1,Neopterygii
NC_031813.1,Neopterygii
NC_031827.1,Neopterygii
NC_031895.1,Neopterygii
NC_032035.1,Neopterygii
NC_032037.1,Neopterygii
NC_032039.1,Neopterygii
NC_007892.1,Neopterygii
NC_032074.1,Neopterygii
NC_032080.1,Neopterygii
NC_032081.1,Neopterygii
NC_032082.1,Neopterygii
NC_032086.1,Neopterygii
NC_032289.1,Neopterygii
NC_032290.1,Neopterygii
NC_032291.1,Neopterygii
NC_032292.1,Neopterygii
NC_032293.1,Neopterygii
NC_007939.1,Neopterygii
NC_032294.1,Neopterygii
NC_032384.1,Neopterygii
NC_032385.1,Neopterygii
NC_032387.1,Neopterygii
NC_032395.1,Neopterygii
NC_032397.1,Neopterygii
NC_032398.1,Neopterygii
NC_032400.1,Neopterygii
NC_032692.1,Neopterygii
NC_032695.1,Neopterygii
NC_008102.1,Neopterygii
NC_032722.1,Neopterygii
NC_032723.1,Neopterygii
NC_008103.1,Neopterygii
NC_008104.1,Neopterygii
NC_008105.1,Neopterygii
NC_008106.1,Neopterygii
NC_008107.1,Neopterygii
NC_002980.1,Neopterygii
NC_008108.1,Neopterygii
NC_008109.1,Neopterygii
NC_008110.1,Neopterygii
NC_008111.1,Neopterygii
NC_008112.1,Neopterygii
NC_008113.1,Neopterygii
NC_008123.1,Neopterygii
NC_008124.1,Neopterygii
NC_008125.1,Neopterygii
NC_008126.1,Neopterygii
NC_003095.1,Neopterygii
NC_008127.1,Neopterygii
NC_008128.1,Neopterygii
NC_008129.1,Neopterygii
NC_008130.1,Neopterygii
NC_008131.1,Neopterygii
NC_008222.1,Neopterygii
NC_008223.1,Neopterygii
NC_008224.1,Neopterygii
NC_008225.1,Neopterygii
NC_008232.1,Neopterygii
NC_003096.1,Neopterygii
NC_008280.1,Neopterygii
NC_008324.1,Neopterygii
NC_008327.1,Neopterygii
NC_008448.1,Neopterygii
NC_008449.1,Neopterygii
NC_008455.1,Neopterygii
NC_008461.1,Neopterygii
NC_008615.1,Neopterygii
NC_008616.1,Neopterygii
NC_008642.1,Neopterygii
NC_003097.1,Neopterygii
NC_008643.1,Neopterygii
NC_008644.1,Neopterygii
NC_008645.1,Neopterygii
NC_008646.1,Neopterygii
NC_008647.1,Neopterygii
NC_008648.1,Neopterygii
NC_008649.1,Neopterygii
NC_008650.1,Neopterygii
NC_008651.1,Neopterygii
NC_008652.1,Neopterygii
NC_003159.1,Neopterygii
NC_008653.1,Neopterygii
NC_008654.1,Neopterygii
NC_008655.1,Neopterygii
NC_008656.1,Neopterygii
NC_008657.1,Neopterygii
NC_008658.1,Neopterygii
NC_008659.1,Neopterygii
NC_008660.1,Neopterygii
NC_008661.1,Neopterygii
NC_008662.1,Neopterygii
NC_003160.1,Neopterygii
NC_008663.1,Neopterygii
NC_008664.1,Neopterygii
NC_008665.1,Neopterygii
NC_008666.1,Neopterygii
NC_008667.1,Neopterygii
NC_008668.1,Neopterygii
NC_008669.1,Neopterygii
NC_008670.1,Neopterygii
NC_008671.1,Neopterygii
NC_008672.1,Neopterygii
NC_003161.1,Neopterygii
NC_008673.1,Neopterygii
NC_008674.1,Neopterygii
NC_008675.1,Neopterygii
NC_008676.1,Neopterygii
NC_008677.1,Neopterygii
NC_008678.1,Neopterygii
NC_008679.1,Neopterygii
NC_008680.1,Neopterygii
NC_008681.1,Neopterygii
NC_008682.1,Neopterygii
NC_003162.1,Neopterygii
NC_008683.1,Neopterygii
NC_008684.1,Neopterygii
NC_008743.1,Neopterygii
NC_008744.1,Neopterygii
NC_008745.1,Neopterygii
NC_008746.1,Neopterygii
NC_008747.1,Neopterygii
NC_009054.1,Neopterygii
NC_009057.1,Neopterygii
NC_009058.1,Neopterygii
NC_001606.1,Neopterygii
NC_003163.1,Neopterygii
NC_009059.1,Neopterygii
NC_009060.1,Neopterygii
NC_009061.1,Neopterygii
NC_009062.1,Neopterygii
NC_009063.1,Neopterygii
NC_009064.1,Neopterygii
NC_009065.1,Neopterygii
NC_009066.1,Neopterygii
NC_009067.1,Neopterygii
NC_009125.2,Neopterygii
NC_003164.1,Neopterygii
NC_009262.1,Neopterygii
NC_009263.1,Neopterygii
NC_009459.2,Neopterygii
NC_009502.1,Neopterygii
NC_009572.1,Neopterygii
NC_009575.1,Neopterygii
NC_009576.1,Neopterygii
NC_009577.1,Neopterygii
NC_009578.1,Neopterygii
NC_009579.1,Neopterygii
NC_003165.1,Neopterygii
NC_009580.1,Neopterygii
NC_009581.1,Neopterygii
NC_009582.1,Neopterygii
NC_009583.1,Neopterygii
NC_009584.1,Neopterygii
NC_009585.1,Neopterygii
NC_009586.1,Neopterygii
NC_009587.1,Neopterygii
NC_009588.1,Neopterygii
NC_009589.1,Neopterygii
NC_003166.1,Neopterygii
NC_009590.1,Neopterygii
NC_009591.1,Neopterygii
NC_009592.1,Neopterygii
NC_009593.1,Neopterygii
NC_009709.1,Neopterygii
NC_009710.1,Neopterygii
NC_009711.1,Neopterygii
NC_009773.1,Neopterygii
NC_009830.1,Neopterygii
NC_009851.1,Neopterygii
NC_003167.1,Neopterygii
NC_009852.1,Neopterygii
NC_009853.1,Neopterygii
NC_009854.1,Neopterygii
NC_009855.1,Neopterygii
NC_009856.1,Neopterygii
NC_009857.1,Neopterygii
NC_009858.1,Neopterygii
NC_009859.1,Neopterygii
NC_009860.1,Neopterygii
NC_009861.1,Neopterygii
NC_003168.1,Neopterygii
NC_009862.1,Neopterygii
NC_009863.1,Neopterygii
NC_009864.1,Neopterygii
NC_009865.1,Neopterygii
NC_009866.1,Neopterygii
NC_009867.1,Neopterygii
NC_009868.1,Neopterygii
NC_009869.1,Neopterygii
NC_009870.1,Neopterygii
NC_009871.1,Neopterygii
NC_003169.1,Neopterygii
NC_009872.1,Neopterygii
NC_009873.1,Neopterygii
NC_009874.1,Neopterygii
NC_009948.1,Neopterygii
NC_010007.1,Neopterygii
NC_010108.1,Neopterygii
NC_010110.1,Neopterygii
NC_010121.1,Neopterygii
NC_010122.1,Neopterygii
NC_010156.1,Neopterygii
NC_003171.1,Neopterygii
NC_010194.1,Neopterygii
NC_010199.1,Neopterygii
NC_010205.2,Neopterygii
NC_010234.1,Neopterygii
NC_010264.1,Neopterygii
NC_010265.1,Neopterygii
NC_010267.1,Neopterygii
NC_010268.1,Neopterygii
NC_010269.1,Neopterygii
NC_010270.1,Neopterygii
NC_003172.1,Neopterygii
NC_010271.1,Neopterygii
NC_010272.1,Neopterygii
NC_010273.1,Neopterygii
NC_010274.1,Neopterygii
NC_010288.1,Neopterygii
NC_010341.1,Neopterygii
NC_010570.1,Neopterygii
NC_010649.2,Neopterygii
NC_010689.1,Neopterygii
NC_010768.1,Neopterygii
NC_003173.1,Neopterygii
NC_010957.1,Neopterygii
NC_010958.1,Neopterygii
NC_010959.1,Neopterygii
NC_010960.1,Neopterygii
NC_010963.1,Neopterygii
NC_010966.1,Neopterygii
NC_010968.1,Neopterygii
NC_010975.1,Neopterygii
NC_010977.1,Neopterygii
NC_010978.1,Neopterygii
NC_001717.1,Neopterygii
NC_003175.1,Neopterygii
NC_010979.1,Neopterygii
NC_011006.1,Neopterygii
NC_011007.1,Neopterygii
NC_011008.1,Neopterygii
NC_011009.1,Neopterygii
NC_011010.1,Neopterygii
NC_011012.1,Neopterygii
NC_011015.1,Neopterygii
NC_011017.1,Neopterygii
NC_011018.1,Neopterygii
NC_003176.1,Neopterygii
NC_011111.1,Neopterygii
NC_011113.1,Neopterygii
NC_011141.1,Neopterygii
NC_011161.1,Neopterygii
NC_011168.1,Neopterygii
NC_011169.1,Neopterygii
NC_011170.1,Neopterygii
NC_011171.1,Neopterygii
NC_011172.1,Neopterygii
NC_011173.1,Neopterygii
NC_003177.1,Neopterygii
NC_011174.1,Neopterygii
NC_011175.1,Neopterygii
NC_011176.1,Neopterygii
NC_011177.1,Neopterygii
NC_011178.1,Neopterygii
NC_011179.1,Neopterygii
NC_011180.1,Neopterygii
NC_011191.1,Neopterygii
NC_011192.1,Neopterygii
NC_011199.1,Neopterygii
NC_003178.1,Neopterygii
NC_011208.1,Neopterygii
NC_011209.1,Neopterygii
NC_011210.1,Neopterygii
NC_011211.1,Neopterygii
NC_011219.1,Neopterygii
NC_011275.1,Neopterygii
NC_011319.1,Neopterygii
NC_011321.1,Neopterygii
NC_011323.1,Neopterygii
NC_011325.1,Neopterygii
NC_003179.1,Neopterygii
NC_011327.1,Neopterygii
NC_011330.1,Neopterygii
NC_011331.1,Neopterygii
NC_011343.1,Neopterygii
NC_011361.1,Neopterygii
NC_011379.1,Neopterygii
NC_011380.1,Neopterygii
NC_011381.1,Neopterygii
NC_011387.1,Neopterygii
NC_011388.1,Neopterygii
NC_003180.1,Neopterygii
NC_011569.1,Neopterygii
NC_011570.1,Neopterygii
NC_011571.1,Neopterygii
NC_011575.1,Neopterygii
NC_011577.1,Neopterygii
NC_011578.1,Neopterygii
NC_011580.1,Neopterygii
NC_011582.1,Neopterygii
NC_011599.1,Neopterygii
NC_011621.1,Neopterygii
NC_003181.1,Neopterygii
NC_011622.1,Neopterygii
NC_011623.1,Neopterygii
NC_011624.1,Neopterygii
NC_011625.1,Neopterygii
NC_011626.1,Neopterygii
NC_011627.1,Neopterygii
NC_011628.1,Neopterygii
NC_011629.1,Neopterygii
NC_011630.1,Neopterygii
NC_011631.1,Neopterygii
NC_003182.1,Neopterygii
NC_011632.1,Neopterygii
NC_011633.1,Neopterygii
NC_011634.1,Neopterygii
NC_011635.1,Neopterygii
NC_011636.1,Neopterygii
NC_011637.1,Neopterygii
NC_011707.1,Neopterygii
NC_011710.1,Neopterygii
NC_011715.1,Neopterygii
NC_011719.1,Neopterygii
NC_003183.1,Neopterygii
NC_011814.1,Neopterygii
NC_011921.1,Neopterygii
NC_011922.1,Neopterygii
NC_011924.1,Neopterygii
NC_011925.1,Neopterygii
NC_011926.1,Neopterygii
NC_011927.1,Neopterygii
NC_011928.1,Neopterygii
NC_011929.1,Neopterygii
NC_011931.1,Neopterygii
NC_003184.1,Neopterygii
NC_011932.1,Neopterygii
NC_011933.1,Neopterygii
NC_011934.1,Neopterygii
NC_011935.1,Neopterygii
NC_011936.1,Neopterygii
NC_011937.1,Neopterygii
NC_011938.1,Neopterygii
NC_011939.1,Neopterygii
NC_011940.1,Neopterygii
NC_011941.1,Neopterygii
NC_001727.1,Neopterygii
NC_003185.1,Neopterygii
NC_011943.1,Neopterygii
NC_011945.1,Neopterygii
NC_011946.1,Neopterygii
NC_011947.1,Neopterygii
NC_011948.1,Neopterygii
NC_011950.1,Neopterygii
NC_011951.1,Neopterygii
NC_011952.1,Neopterygii
NC_011953.1,Neopterygii
NC_011955.1,Neopterygii
NC_003186.1,Neopterygii
NC_011956.1,Neopterygii
NC_012043.1,Neopterygii
NC_012044.1,Neopterygii
NC_012045.1,Neopterygii
NC_012046.1,Neopterygii
NC_012047.1,Neopterygii
NC_012048.1,Neopterygii
NC_012049.1,Neopterygii
NC_012050.1,Neopterygii
NC_012055.1,Neopterygii
NC_003187.1,Neopterygii
NC_012312.1,Neopterygii
NC_012323.1,Neopterygii
NC_012361.1,Neopterygii
NC_012377.1,Neopterygii
NC_012675.1,Neopterygii
NC_012676.1,Neopterygii
NC_012677.1,Neopterygii
NC_012678.1,Neopterygii
NC_012679.1,Neopterygii
NC_012680.1,Neopterygii
NC_003188.1,Neopterygii
NC_012705.1,Neopterygii
NC_012707.1,Neopterygii
NC_012709.1,Neopterygii
NC_012710.1,Neopterygii
NC_012711.1,Neopterygii
NC_012712.1,Neopterygii
NC_012713.1,Neopterygii
NC_012714.1,Neopterygii
NC_012715.1,Neopterygii
NC_012717.2,Neopterygii
NC_003189.1,Neopterygii
NC_012736.1,Neopterygii
NC_012737.1,Neopterygii
NC_012825.1,Neopterygii
NC_012904.1,Neopterygii
NC_012905.1,Neopterygii
NC_012906.1,Neopterygii
NC_012907.1,Neopterygii
NC_012908.1,Neopterygii
NC_012928.1,Neopterygii
NC_012929.1,Neopterygii
NC_003190.1,Neopterygii
NC_012975.1,Neopterygii
NC_012976.1,Neopterygii
NC_012979.1,Neopterygii
NC_012980.1,Neopterygii
NC_012981.1,Neopterygii
NC_013064.1,Neopterygii
NC_013071.1,Neopterygii
NC_013072.1,Neopterygii
NC_013087.1,Neopterygii
NC_013089.1,Neopterygii
NC_003191.1,Neopterygii
NC_013136.1,Neopterygii
NC_013137.1,Neopterygii
NC_013138.1,Neopterygii
NC_013139.1,Neopterygii
NC_013140.1,Neopterygii
NC_013141.1,Neopterygii
NC_013142.1,Neopterygii
NC_013143.1,Neopterygii
NC_013144.1,Neopterygii
NC_013148.1,Neopterygii
NC_003192.1,Neopterygii
NC_013149.1,Neopterygii
NC_013150.1,Neopterygii
NC_013151.1,Neopterygii
NC_013181.1,Neopterygii
NC_013182.1,Neopterygii
NC_013183.1,Neopterygii
NC_013186.1,Neopterygii
NC_013189.1,Neopterygii
NC_013360.1,Neopterygii
NC_013430.1,Neopterygii
NC_003193.1,Neopterygii
NC_013431.1,Neopterygii
NC_013433.1,Neopterygii
NC_013434.1,Neopterygii
NC_013436.1,Neopterygii
NC_013485.1,Neopterygii
NC_013555.1,Neopterygii
NC_013557.1,Neopterygii
NC_013559.1,Neopterygii
NC_013560.1,Neopterygii
NC_013562.1,Neopterygii
NC_003194.1,Neopterygii
NC_013564.1,Neopterygii
NC_013566.1,Neopterygii
NC_013567.1,Neopterygii
NC_013570.1,Neopterygii
NC_013572.1,Neopterygii
NC_013574.1,Neopterygii
NC_013575.1,Neopterygii
NC_013577.1,Neopterygii
NC_013579.1,Neopterygii
NC_013581.1,Neopterygii
NC_001960.1,Neopterygii
NC_003195.1,Neopterygii
NC_013583.1,Neopterygii
NC_013601.1,Neopterygii
NC_013602.1,Neopterygii
NC_013605.1,Neopterygii
NC_013606.1,Neopterygii
NC_013607.1,Neopterygii
NC_013608.1,Neopterygii
NC_013609.1,Neopterygii
NC_013610.1,Neopterygii
NC_013611.1,Neopterygii
NC_003196.1,Neopterygii
NC_013612.1,Neopterygii
NC_013613.1,Neopterygii
NC_013614.1,Neopterygii
NC_013615.1,Neopterygii
NC_013616.1,Neopterygii
NC_013617.1,Neopterygii
NC_013618.1,Neopterygii
NC_013620.1,Neopterygii
NC_013621.1,Neopterygii
NC_013622.1,Neopterygii
NC_003290.1,Neopterygii
NC_013623.1,Neopterygii
NC_013624.2,Neopterygii
NC_013625.1,Neopterygii
NC_013626.2,Neopterygii
NC_013627.1,Neopterygii
NC_013628.2,Neopterygii
NC_013629.1,Neopterygii
NC_013630.1,Neopterygii
NC_013631.1,Neopterygii
NC_013632.1,Neopterygii
NC_003489.1,Neopterygii
NC_013633.1,Neopterygii
NC_013634.1,Neopterygii
NC_013635.1,Neopterygii
NC_013663.1,Neopterygii
NC_013702.1,Neopterygii
NC_013704.1,Neopterygii
NC_013705.1,Neopterygii
NC_013709.1,Neopterygii
NC_013711.1,Neopterygii
NC_013712.1,Neopterygii
NC_004299.1,Neopterygii
NC_013723.1,Neopterygii
NC_013724.1,Neopterygii
NC_013725.1,Neopterygii
NC_013750.1,Neopterygii
NC_013754.1,Neopterygii
NC_013759.1,Neopterygii
NC_013761.1,Neopterygii
NC_013763.1,Neopterygii
NC_013764.1,Neopterygii
NC_013812.1,Neopterygii
NC_004372.1,Neopterygii
NC_013820.1,Neopterygii
NC_013828.1,Neopterygii
NC_013829.1,Neopterygii
NC_013832.1,Neopterygii
NC_013842.1,Neopterygii
NC_013845.1,Neopterygii
NC_013863.1,Neopterygii
NC_013864.1,Neopterygii
NC_013865.1,Neopterygii
NC_013866.1,Neopterygii
NC_004373.1,Neopterygii
NC_013867.1,Neopterygii
NC_013868.1,Neopterygii
NC_013869.1,Neopterygii
NC_013870.1,Neopterygii
NC_013871.1,Neopterygii
NC_013872.1,Neopterygii
NC_013873.1,Neopterygii
NC_013875.1,Neopterygii
NC_013879.1,Neopterygii
NC_013880.1,Neopterygii
NC_004374.1,Neopterygii
NC_013882.1,Neopterygii
NC_013883.1,Neopterygii
NC_013885.1,Neopterygii
NC_013886.1,Neopterygii
NC_013994.1,Neopterygii
NC_014052.1,Neopterygii
NC_014059.1,Neopterygii
NC_014060.1,Neopterygii
NC_014061.1,Neopterygii
NC_014101.1,Neopterygii
NC_004375.1,Neopterygii
NC_014177.1,Neopterygii
NC_014261.1,Neopterygii
NC_014263.1,Neopterygii
NC_014264.1,Neopterygii
NC_014265.1,Neopterygii
NC_014266.1,Neopterygii
NC_014268.1,Neopterygii
NC_014269.1,Neopterygii
NC_014271.1,Neopterygii
NC_014276.1,Neopterygii
NC_004376.1,Neopterygii
NC_014277.1,Neopterygii
NC_014279.1,Neopterygii
NC_014350.1,Neopterygii
NC_014351.1,Neopterygii
NC_014353.1,Neopterygii
NC_014404.1,Neopterygii
NC_014586.1,Neopterygii
NC_014686.1,Neopterygii
NC_014689.1,Neopterygii
NC_014690.1,Neopterygii
NC_002079.1,Neopterygii
NC_004377.1,Neopterygii
NC_014849.1,Neopterygii
NC_014851.1,Neopterygii
NC_014859.1,Neopterygii
NC_014862.1,Neopterygii
NC_014866.1,Neopterygii
NC_014873.1,Neopterygii
NC_014877.1,Neopterygii
NC_014878.1,Neopterygii
NC_014880.1,Neopterygii
NC_014881.1,Neopterygii
NC_004378.1,Neopterygii
NC_014882.1,Neopterygii
NC_014889.1,Neopterygii
NC_014893.1,Neopterygii
NC_015076.1,Neopterygii
NC_015078.1,Neopterygii
NC_015081.1,Neopterygii
NC_015082.1,Neopterygii
NC_015086.1,Neopterygii
NC_015089.1,Neopterygii
NC_015090.1,Neopterygii
NC_004379.1,Neopterygii
NC_015092.1,Neopterygii
NC_015094.1,Neopterygii
NC_015097.1,Neopterygii
NC_015098.1,Neopterygii
NC_015100.1,Neopterygii
NC_015102.1,Neopterygii
NC_015105.1,Neopterygii
NC_015107.1,Neopterygii
NC_015109.1,Neopterygii
NC_015120.1,Neopterygii
NC_004380.1,Neopterygii
NC_015142.1,Neopterygii
NC_015191.1,Neopterygii
NC_015193.1,Neopterygii
NC_015194.1,Neopterygii
NC_015202.1,Neopterygii
NC_015205.1,Neopterygii
NC_015239.1,Neopterygii
NC_015240.1,Neopterygii
NC_015242.1,Neopterygii
NC_015244.1,Neopterygii
NC_004381.1,Neopterygii
NC_015246.1,Neopterygii
NC_015306.1,Neopterygii
NC_015307.1,Neopterygii
NC_015332.1,Neopterygii
NC_015336.1,Neopterygii
NC_015337.1,Neopterygii
NC_015339.1,Neopterygii
NC_015340.1,Neopterygii
NC_015341.1,Neopterygii
NC_015343.1,Neopterygii
NC_004382.1,Neopterygii
NC_015344.1,Neopterygii
NC_015345.1,Neopterygii
NC_015346.1,Neopterygii
NC_015347.1,Neopterygii
NC_015348.1,Neopterygii
NC_015349.1,Neopterygii
NC_015350.1,Neopterygii
NC_015351.1,Neopterygii
NC_015352.1,Neopterygii
NC_015353.1,Neopterygii
NC_004383.1,Neopterygii
NC_015354.1,Neopterygii
NC_015355.1,Neopterygii
NC_015356.1,Neopterygii
NC_015357.1,Neopterygii
NC_015358.1,Neopterygii
NC_015360.1,Neopterygii
NC_015361.1,Neopterygii
NC_015362.1,Neopterygii
NC_015363.1,Neopterygii
NC_015364.1,Neopterygii
NC_004384.1,Neopterygii
NC_015365.1,Neopterygii
NC_015366.1,Neopterygii
NC_015367.1,Neopterygii
NC_015368.1,Neopterygii
NC_015369.1,Neopterygii
NC_015370.1,Neopterygii
NC_015371.1,Neopterygii
NC_015372.1,Neopterygii
NC_015525.1,Neopterygii
NC_015527.1,Neopterygii
NC_004385.1,Neopterygii
NC_015528.1,Neopterygii
NC_015531.1,Neopterygii
NC_015532.1,Neopterygii
NC_015533.1,Neopterygii
NC_015534.1,Neopterygii
NC_015535.1,Neopterygii
NC_015536.1,Neopterygii
NC_015538.1,Neopterygii
NC_015539.1,Neopterygii
NC_015540.1,Neopterygii
NC_004386.1,Neopterygii
NC_015541.1,Neopterygii
NC_015542.1,Neopterygii
NC_015544.1,Neopterygii
NC_015545.1,Neopterygii
NC_015546.1,Neopterygii
NC_015547.1,Neopterygii
NC_015548.1,Neopterygii
NC_015549.1,Neopterygii
NC_015551.1,Neopterygii
NC_015611.1,Neopterygii
NC_002081.1,Neopterygii
NC_004387.1,Neopterygii
NC_015614.1,Neopterygii
NC_015625.1,Neopterygii
NC_015650.1,Neopterygii
NC_015652.1,Neopterygii
NC_015653.1,Neopterygii
NC_015654.1,Neopterygii
NC_015743.1,Neopterygii
NC_015745.1,Neopterygii
NC_015746.1,Neopterygii
NC_015747.1,Neopterygii
NC_004388.1,Neopterygii
NC_015748.1,Neopterygii
NC_015749.1,Neopterygii
NC_015750.1,Neopterygii
NC_015751.1,Neopterygii
NC_015752.1,Neopterygii
NC_015753.1,Neopterygii
NC_015754.1,Neopterygii
NC_015755.1,Neopterygii
NC_015786.1,Neopterygii
NC_015787.1,Neopterygii
NC_004389.1,Neopterygii
NC_015797.1,Neopterygii
NC_015798.1,Neopterygii
NC_015801.1,Neopterygii
NC_015805.1,Neopterygii
NC_015806.1,Neopterygii
NC_015808.1,Neopterygii
NC_015809.1,Neopterygii
NC_015811.1,Neopterygii
NC_015813.1,Neopterygii
NC_015815.1,Neopterygii
NC_004390.1,Neopterygii
NC_015816.1,Neopterygii
NC_015819.1,Neopterygii
NC_015822.1,Neopterygii
NC_015823.1,Neopterygii
NC_015827.1,Neopterygii
NC_015833.1,Neopterygii
NC_015834.1,Neopterygii
NC_015836.1,Neopterygii
NC_015837.1,Neopterygii
NC_015838.1,Neopterygii
NC_004391.1,Neopterygii
NC_015839.1,Neopterygii
NC_015840.1,Neopterygii
NC_015888.1,Neopterygii
NC_015984.2,Neopterygii
NC_015987.1,Neopterygii
NC_015992.1,Neopterygii
NC_015995.1,Neopterygii
NC_016020.1,Neopterygii
NC_016194.1,Neopterygii
NC_016195.1,Neopterygii
NC_004392.1,Neopterygii
NC_016420.1,Neopterygii
NC_016426.1,Neopterygii
NC_016661.1,Neopterygii
NC_016663.1,Neopterygii
NC_016664.1,Neopterygii
NC_016667.1,Neopterygii
NC_016669.1,Neopterygii
NC_016671.1,Neopterygii
NC_016672.1,Neopterygii
NC_016673.1,Neopterygii
NC_004393.1,Neopterygii
NC_016674.1,Neopterygii
NC_016678.1,Neopterygii
NC_016682.1,Neopterygii
NC_016683.1,Neopterygii
NC_016688.1,Neopterygii
NC_016693.1,Neopterygii
NC_016694.1,Neopterygii
NC_016695.1,Neopterygii
NC_016698.1,Neopterygii
NC_016700.1,Neopterygii
NC_004394.1,Neopterygii
NC_016701.1,Neopterygii
NC_016702.1,Neopterygii
NC_016705.1,Neopterygii
NC_016706.1,Neopterygii
NC_016709.1,Neopterygii
NC_016710.1,Neopterygii
NC_016714.1,Neopterygii
NC_016715.1,Neopterygii
NC_016717.1,Neopterygii
NC_016719.1,Neopterygii
NC_004395.1,Neopterygii
NC_016721.1,Neopterygii
NC_016725.1,Neopterygii
NC_016726.1,Neopterygii
NC_016867.1,Neopterygii
NC_016868.1,Neopterygii
NC_016869.1,Neopterygii
NC_016870.1,Neopterygii
NC_016892.1,Neopterygii
NC_016987.1,Neopterygii
NC_017606.1,Neopterygii
NC_004396.1,Neopterygii
NC_017608.1,Neopterygii
NC_017610.1,Neopterygii
NC_017611.1,Neopterygii
NC_017614.1,Neopterygii
NC_017838.1,Neopterygii
NC_017873.1,Neopterygii
NC_017876.1,Neopterygii
NC_017879.1,Neopterygii
NC_017880.1,Neopterygii
NC_017881.1,Neopterygii
NC_002333.2,Neopterygii
NC_004397.1,Neopterygii
NC_017883.1,Neopterygii
NC_017884.1,Neopterygii
NC_017887.1,Neopterygii
NC_017888.1,Neopterygii
NC_017889.1,Neopterygii
NC_017890.1,Neopterygii
NC_017891.1,Neopterygii
NC_017892.1,Neopterygii
NC_017893.1,Neopterygii
NC_017895.1,Neopterygii
NC_004398.1,Neopterygii
NC_017897.1,Neopterygii
NC_017898.1,Neopterygii
NC_017900.1,Neopterygii
NC_017902.2,Neopterygii
NC_018035.1,Neopterygii
NC_018036.1,Neopterygii
NC_018037.1,Neopterygii
NC_018038.1,Neopterygii
NC_018039.1,Neopterygii
NC_018043.1,Neopterygii
NC_004399.1,Neopterygii
NC_018045.1,Neopterygii
NC_018054.1,Neopterygii
NC_018064.1,Neopterygii
NC_018099.1,Neopterygii
NC_018119.1,Neopterygii
NC_018134.1,Neopterygii
NC_018135.1,Neopterygii
NC_018340.1,Neopterygii
NC_018341.1,Neopterygii
NC_018342.1,Neopterygii
NC_004400.1,Neopterygii
NC_018347.1,Neopterygii
NC_018366.1,Neopterygii
NC_018534.1,Neopterygii
NC_018546.1,Neopterygii
NC_018553.1,Neopterygii
NC_018555.1,Neopterygii
NC_018556.1,Neopterygii
NC_018557.1,Neopterygii
NC_018558.1,Neopterygii
NC_018559.1,Neopterygii
NC_004401.1,Neopterygii
NC_018560.1,Neopterygii
NC_018561.1,Neopterygii
NC_018562.1,Neopterygii
NC_018563.1,Neopterygii
NC_018564.1,Neopterygii
NC_018566.1,Neopterygii
NC_018567.1,Neopterygii
NC_018600.1,Neopterygii
NC_018601.1,Neopterygii
NC_018755.1,Neopterygii
NC_004402.1,Neopterygii
NC_018764.1,Neopterygii
NC_018768.1,Neopterygii
NC_018769.1,Neopterygii
NC_018770.1,Neopterygii
NC_018773.1,Neopterygii
NC_018774.1,Neopterygii
NC_018786.1,Neopterygii
NC_018789.1,Neopterygii
NC_018791.1,Neopterygii
NC_018814.1,Neopterygii
NC_004403.1,Neopterygii
NC_018815.1,Neopterygii
NC_018816.1,Neopterygii
NC_018817.1,Neopterygii
NC_018818.1,Neopterygii
NC_018819.1,Neopterygii
NC_018820.1,Neopterygii
NC_018821.1,Neopterygii
NC_018823.1,Neopterygii
NC_018824.1,Neopterygii
NC_018825.1,Neopterygii
NC_004404.1,Neopterygii
NC_018826.1,Neopterygii
NC_019572.1,Neopterygii
NC_019574.1,Neopterygii
NC_019575.1,Neopterygii
NC_019587.1,Neopterygii
NC_019592.1,Neopterygii
NC_019604.1,Neopterygii
NC_019605.1,Neopterygii
NC_019614.1,Neopterygii
NC_019620.1,Neopterygii
NC_004405.1,Neopterygii
NC_019621.1,Neopterygii
NC_019624.1,Neopterygii
NC_019625.1,Neopterygii
NC_019629.1,Neopterygii
NC_019630.1,Neopterygii
NC_019644.1,Neopterygii
NC_019646.1,Neopterygii
NC_019647.1,Neopterygii
NC_019652.1,Neopterygii
NC_019811.1,Neopterygii
NC_004406.1,Neopterygii
NC_019995.1,Neopterygii
NC_020005.1,Neopterygii
NC_020012.1,Neopterygii
NC_020013.1,Neopterygii
NC_020016.1,Neopterygii
NC_020032.1,Neopterygii
NC_020041.1,Neopterygii
NC_020042.1,Neopterygii
NC_020046.1,Neopterygii
NC_020047.1,Neopterygii
