NC_001573.1,Amphibians
NC_006301.1,Amphibians
NC_015791.1,Amphibians
NC_015792.1,Amphibians
NC_015794.1,Amphibians
NC_015795.1,Amphibians
NC_015796.1,Amphibians
NC_016059.1,Amphibians
NC_016119.1,Amphibians
NC_017870.1,Amphibians
NC_017871.1,Amphibians
NC_018771.1,Amphibians
NC_006302.1,Amphibians
NC_018775.1,Amphibians
NC_018776.1,Amphibians
NC_018785.1,Amphibians
NC_019586.1,Amphibians
NC_019596.1,Amphibians
NC_019615.1,Amphibians
NC_019997.1,Amphibians
NC_019998.1,Amphibians
NC_019999.1,Amphibians
NC_020000.1,Amphibians
NC_006303.1,Amphibians
NC_020001.1,Amphibians
NC_020002.1,Amphibians
NC_020044.1,Amphibians
NC_020048.1,Amphibians
NC_020136.1,Amphibians
NC_020137.1,Amphibians
NC_020138.1,Amphibians
NC_020139.1,Amphibians
NC_020140.1,Amphibians
NC_020141.1,Amphibians
NC_006304.1,Amphibians
NC_020142.1,Amphibians
NC_020154.1,Amphibians
NC_020155.1,Amphibians
NC_020610.1,Amphibians
NC_020634.1,Amphibians
NC_020635.1,Amphibians
NC_020649.1,Amphibians
NC_020650.1,Amphibians
NC_021001.1,Amphibians
NC_021106.1,Amphibians
NC_006305.1,Amphibians
NC_021369.1,Amphibians
NC_021476.1,Amphibians
NC_021477.1,Amphibians
NC_021937.1,Amphibians
NC_022696.1,Amphibians
NC_022870.1,Amphibians
NC_022871.1,Amphibians
NC_022872.1,Amphibians
NC_023341.1,Amphibians
NC_023342.1,Amphibians
NC_006325.1,Amphibians
NC_023379.1,Amphibians
NC_023380.1,Amphibians
NC_023381.1,Amphibians
NC_023382.1,Amphibians
NC_023507.1,Amphibians
NC_023508.1,Amphibians
NC_023509.1,Amphibians
NC_023510.1,Amphibians
NC_023511.1,Amphibians
NC_023512.1,Amphibians
NC_006326.1,Amphibians
NC_023513.1,Amphibians
NC_023514.1,Amphibians
NC_023515.1,Amphibians
NC_023516.1,Amphibians
NC_023517.1,Amphibians
NC_023518.1,Amphibians
NC_023519.1,Amphibians
NC_023528.1,Amphibians
NC_023529.1,Amphibians
NC_023789.1,Amphibians
NC_006327.1,Amphibians
NC_023949.1,Amphibians
NC_024180.1,Amphibians
NC_024272.1,Amphibians
NC_024427.1,Amphibians
NC_024547.1,Amphibians
NC_024548.1,Amphibians
NC_024603.1,Amphibians
NC_024748.1,Amphibians
NC_024843.1,Amphibians
NC_025226.1,Amphibians
NC_006328.1,Amphibians
NC_025309.1,Amphibians
NC_025575.1,Amphibians
NC_025591.1,Amphibians
NC_026032.1,Amphibians
NC_026033.1,Amphibians
NC_026524.1,Amphibians
NC_026698.1,Amphibians
NC_026789.1,Amphibians
NC_026853.1,Amphibians
NC_026854.1,Amphibians
NC_006329.1,Amphibians
NC_026893.1,Amphibians
NC_026894.1,Amphibians
NC_026895.1,Amphibians
NC_026896.1,Amphibians
NC_027072.1,Amphibians
NC_027236.1,Amphibians
NC_027274.1,Amphibians
NC_027421.1,Amphibians
NC_027452.1,Amphibians
NC_027501.1,Amphibians
NC_002471.1,Amphibians
NC_006330.1,Amphibians
NC_027505.1,Amphibians
NC_027507.1,Amphibians
NC_027671.1,Amphibians
NC_027686.1,Amphibians
NC_027827.1,Amphibians
NC_028184.1,Amphibians
NC_028278.1,Amphibians
NC_028283.1,Amphibians
NC_028296.1,Amphibians
NC_028297.1,Amphibians
NC_006331.1,Amphibians
NC_028424.1,Amphibians
NC_028521.1,Amphibians
NC_029196.1,Amphibians
NC_029197.1,Amphibians
NC_029198.1,Amphibians
NC_029199.1,Amphibians
NC_029200.1,Amphibians
NC_029201.1,Amphibians
NC_029231.1,Amphibians
NC_029250.1,Amphibians
NC_006332.1,Amphibians
NC_029345.1,Amphibians
NC_029409.1,Amphibians
NC_029410.1,Amphibians
NC_029754.1,Amphibians
NC_030042.1,Amphibians
NC_030049.1,Amphibians
NC_030054.1,Amphibians
NC_030211.1,Amphibians
NC_030333.1,Amphibians
NC_030605.1,Amphibians
NC_006333.1,Amphibians
NC_030627.1,Amphibians
NC_031411.1,Amphibians
NC_031426.1,Amphibians
NC_032068.1,Amphibians
NC_032069.1,Amphibians
NC_032070.1,Amphibians
NC_032110.1,Amphibians
NC_032305.1,Amphibians
NC_032306.1,Amphibians
NC_032307.1,Amphibians
NC_006335.1,Amphibians
NC_032308.1,Amphibians
NC_032309.1,Amphibians
NC_032310.1,Amphibians
NC_032311.1,Amphibians
NC_032312.1,Amphibians
NC_032313.1,Amphibians
NC_032314.1,Amphibians
NC_032315.1,Amphibians
NC_032316.1,Amphibians
NC_032317.1,Amphibians
NC_006336.1,Amphibians
NC_032318.1,Amphibians
NC_032319.1,Amphibians
NC_032320.1,Amphibians
NC_032322.1,Amphibians
NC_032323.1,Amphibians
NC_032324.1,Amphibians
NC_032325.1,Amphibians
NC_032326.1,Amphibians
NC_032327.1,Amphibians
NC_032328.1,Amphibians
NC_006337.1,Amphibians
NC_032329.1,Amphibians
NC_032330.1,Amphibians
NC_032331.1,Amphibians
NC_032332.1,Amphibians
NC_032333.1,Amphibians
NC_032334.1,Amphibians
NC_032335.1,Amphibians
NC_032336.1,Amphibians
NC_032337.1,Amphibians
NC_032338.1,Amphibians
NC_006338.1,Amphibians
NC_032339.1,Amphibians
NC_032340.1,Amphibians
NC_032341.1,Amphibians
NC_032342.1,Amphibians
NC_032343.1,Amphibians
NC_032344.1,Amphibians
NC_032345.1,Amphibians
NC_032346.1,Amphibians
NC_032347.1,Amphibians
NC_032348.1,Amphibians
NC_006339.1,Amphibians
NC_032349.1,Amphibians
NC_032350.1,Amphibians
NC_032353.1,Amphibians
NC_032354.1,Amphibians
NC_032355.1,Amphibians
NC_032356.1,Amphibians
NC_032357.1,Amphibians
NC_032358.1,Amphibians
NC_032359.1,Amphibians
NC_032360.1,Amphibians
NC_006340.1,Amphibians
NC_032380.1,Amphibians
NC_002756.1,Amphibians
NC_006341.1,Amphibians
NC_006342.1,Amphibians
NC_006344.1,Amphibians
NC_006345.1,Amphibians
NC_006346.1,Amphibians
NC_006402.1,Amphibians
NC_006403.1,Amphibians
NC_006404.1,Amphibians
NC_006405.1,Amphibians
NC_006406.1,Amphibians
NC_002805.1,Amphibians
NC_006407.1,Amphibians
NC_006688.1,Amphibians
NC_006689.1,Amphibians
NC_006690.1,Amphibians
NC_006839.1,Amphibians
NC_006887.1,Amphibians
NC_006888.1,Amphibians
NC_006889.1,Amphibians
NC_006890.1,Amphibians
NC_007178.1,Amphibians
NC_004021.1,Amphibians
NC_007440.1,Amphibians
NC_007446.1,Amphibians
NC_007888.1,Amphibians
NC_007911.1,Amphibians
NC_008076.1,Amphibians
NC_008077.1,Amphibians
NC_008078.1,Amphibians
NC_008079.1,Amphibians
NC_008080.1,Amphibians
NC_008081.1,Amphibians
NC_004926.1,Amphibians
NC_008082.1,Amphibians
NC_008083.1,Amphibians
NC_008084.1,Amphibians
NC_008085.1,Amphibians
NC_008088.1,Amphibians
NC_008089.1,Amphibians
NC_008090.1,Amphibians
NC_008091.1,Amphibians
NC_008144.1,Amphibians
NC_008410.1,Amphibians
NC_005055.1,Amphibians
NC_008975.1,Amphibians
NC_009258.1,Amphibians
NC_009264.1,Amphibians
NC_009335.1,Amphibians
NC_009422.1,Amphibians
NC_009423.1,Amphibians
NC_009886.1,Amphibians
NC_010224.1,Amphibians
NC_010232.1,Amphibians
NC_010233.1,Amphibians
NC_005794.2,Amphibians
NC_011049.1,Amphibians
NC_012430.1,Amphibians
NC_012647.1,Amphibians
NC_013270.1,Amphibians
NC_013762.1,Amphibians
NC_013825.1,Amphibians
NC_014568.1,Amphibians
NC_014571.1,Amphibians
NC_014572.1,Amphibians
NC_014581.1,Amphibians
NC_005797.1,Amphibians
NC_014584.1,Amphibians
NC_014685.1,Amphibians
NC_014691.1,Amphibians
NC_015305.1,Amphibians
NC_015615.1,Amphibians
NC_015617.1,Amphibians
NC_015618.1,Amphibians
NC_015620.1,Amphibians
NC_015788.1,Amphibians
NC_015790.1,Amphibians
NC_000857.1,Insects
NC_002660.1,Insects
NC_011328.1,Insects
NC_032394.1,Insects
NC_032649.1,Insects
NC_032683.1,Insects
NC_032690.1,Insects
NC_032693.1,Insects
NC_032694.1,Insects
NC_032716.1,Insects
NC_011329.1,Insects
NC_011359.1,Insects
NC_011520.1,Insects
NC_011524.1,Insects
NC_011594.1,Insects
NC_011596.1,Insects
NC_011717.1,Insects
NC_011755.1,Insects
NC_011813.1,Insects
NC_002697.1,Insects
NC_011823.1,Insects
NC_011824.1,Insects
NC_011827.1,Insects
NC_011923.1,Insects
NC_012139.1,Insects
NC_012144.1,Insects
NC_012421.1,Insects
NC_012424.1,Insects
NC_012429.1,Insects
NC_012432.1,Insects
NC_003081.2,Insects
NC_012446.1,Insects
NC_012449.1,Insects
NC_012456.1,Insects
NC_012457.1,Insects
NC_012458.1,Insects
NC_012459.1,Insects
NC_012460.1,Insects
NC_012462.1,Insects
NC_012463.1,Insects
NC_012464.1,Insects
NC_003367.1,Insects
NC_012617.1,Insects
NC_012644.1,Insects
NC_012645.1,Insects
NC_012688.1,Insects
NC_012689.1,Insects
NC_012708.1,Insects
NC_012727.1,Insects
NC_012739.1,Insects
NC_012765.1,Insects
NC_012817.1,Insects
NC_003368.1,Insects
NC_012819.1,Insects
NC_012820.1,Insects
NC_012822.1,Insects
NC_012823.1,Insects
NC_012835.1,Insects
NC_012838.1,Insects
NC_012841.1,Insects
NC_012842.1,Insects
NC_012845.1,Insects
NC_012888.1,Insects
NC_003372.1,Insects
NC_012893.1,Insects
NC_012901.1,Insects
NC_013063.1,Insects
NC_013066.1,Insects
NC_013070.1,Insects
NC_013180.1,Insects
NC_013185.1,Insects
NC_013238.1,Insects
NC_013240.1,Insects
NC_013249.1,Insects
NC_003395.1,Insects
NC_013251.1,Insects
NC_013252.1,Insects
NC_013254.1,Insects
NC_013256.1,Insects
NC_013257.1,Insects
NC_013272.1,Insects
NC_013274.1,Insects
NC_013554.1,Insects
NC_013576.1,Insects
NC_013578.1,Insects
NC_003970.1,Insects
NC_013580.1,Insects
NC_013582.1,Insects
NC_013604.1,Insects
NC_013701.1,Insects
NC_013706.1,Insects
NC_013805.1,Insects
NC_013822.1,Insects
NC_013826.1,Insects
NC_013835.1,Insects
NC_013847.1,Insects
NC_004371.1,Insects
NC_013932.1,Insects
NC_014053.1,Insects
NC_014055.1,Insects
NC_014058.1,Insects
NC_014224.1,Insects
NC_014272.1,Insects
NC_014274.1,Insects
NC_014275.1,Insects
NC_014278.1,Insects
NC_014283.1,Insects
NC_004529.1,Insects
NC_014286.1,Insects
NC_014289.1,Insects
NC_014294.1,Insects
NC_014295.1,Insects
NC_014349.1,Insects
NC_014398.1,Insects
NC_014402.1,Insects
NC_014449.1,Insects
NC_014450.1,Insects
NC_014451.1,Insects
NC_000875.1,Insects
NC_004622.2,Insects
NC_014485.1,Insects
NC_014488.1,Insects
NC_014490.1,Insects
NC_014491.1,Insects
NC_014493.1,Insects
NC_014574.1,Insects
NC_014587.1,Insects
NC_014610.1,Insects
NC_014611.1,Insects
NC_014668.1,Insects
NC_004816.1,Insects
NC_014669.1,Insects
NC_014672.1,Insects
NC_014673.1,Insects
NC_014677.1,Insects
NC_014678.1,Insects
NC_014680.1,Insects
NC_014688.1,Insects
NC_014694.1,Insects
NC_014695.1,Insects
NC_014702.1,Insects
NC_005333.1,Insects
NC_014704.1,Insects
NC_014705.1,Insects
NC_014806.1,Insects
NC_014887.1,Insects
NC_014891.1,Insects
NC_015075.1,Insects
NC_015079.1,Insects
NC_015093.1,Insects
NC_015095.1,Insects
NC_015118.1,Insects
NC_005437.1,Insects
NC_015119.1,Insects
NC_015342.1,Insects
NC_015478.1,Insects
NC_015480.1,Insects
NC_015537.1,Insects
NC_015609.1,Insects
NC_015612.1,Insects
NC_015624.1,Insects
NC_015799.1,Insects
NC_015800.1,Insects
NC_005779.1,Insects
NC_015835.1,Insects
NC_015842.1,Insects
NC_015895.1,Insects
NC_015926.1,Insects
NC_015985.1,Insects
NC_015988.1,Insects
NC_015997.1,Insects
NC_015998.1,Insects
NC_015999.1,Insects
NC_016016.1,Insects
NC_005780.1,Insects
NC_016017.1,Insects
NC_016018.1,Insects
NC_016056.1,Insects
NC_016062.1,Insects
NC_016067.1,Insects
NC_016167.1,Insects
NC_016169.1,Insects
NC_016173.1,Insects
NC_016176.1,Insects
NC_016182.1,Insects
NC_005781.1,Insects
NC_016196.1,Insects
NC_016201.1,Insects
NC_016202.1,Insects
NC_016203.1,Insects
NC_016204.1,Insects
NC_016419.1,Insects
NC_016432.1,Insects
NC_016469.1,Insects
NC_016696.1,Insects
NC_016704.1,Insects
NC_005939.1,Insects
NC_016713.1,Insects
NC_016716.1,Insects
NC_016720.1,Insects
NC_016724.1,Insects
NC_016865.1,Insects
NC_016866.1,Insects
NC_016919.1,Insects
NC_016956.1,Insects
NC_017007.1,Insects
NC_017605.1,Insects
NC_005944.1,Insects
NC_017744.1,Insects
NC_017748.1,Insects
NC_017869.1,Insects
NC_018029.1,Insects
NC_018030.1,Insects
NC_018040.1,Insects
NC_018047.1,Insects
NC_018048.1,Insects
NC_018049.1,Insects
NC_018094.1,Insects
NC_006076.1,Insects
NC_018095.1,Insects
NC_018118.1,Insects
NC_018120.1,Insects
NC_018121.1,Insects
NC_018122.1,Insects
NC_018123.1,Insects
NC_018124.1,Insects
NC_018125.1,Insects
NC_018126.1,Insects
NC_018127.1,Insects
NC_001322.1,Insects
NC_006080.1,Insects
NC_018128.1,Insects
NC_018129.1,Insects
NC_018130.1,Insects
NC_018131.1,Insects
NC_018132.1,Insects
NC_018133.1,Insects
NC_018339.1,Insects
NC_018346.1,Insects
NC_018348.1,Insects
NC_018349.1,Insects
NC_006133.1,Insects
NC_018350.1,Insects
NC_018351.1,Insects
NC_018352.1,Insects
NC_018353.1,Insects
NC_018354.1,Insects
NC_018370.1,Insects
NC_018538.1,Insects
NC_018542.1,Insects
NC_018543.1,Insects
NC_018545.1,Insects
NC_006157.1,Insects
NC_018547.1,Insects
NC_018549.1,Insects
NC_018599.1,Insects
NC_018754.1,Insects
NC_018765.1,Insects
NC_018772.1,Insects
NC_018787.1,Insects
NC_019573.1,Insects
NC_019576.1,Insects
NC_019593.1,Insects
NC_006158.1,Insects
NC_019594.1,Insects
NC_019595.1,Insects
NC_019597.1,Insects
NC_019618.1,Insects
NC_019619.1,Insects
NC_019622.1,Insects
NC_019631.1,Insects
NC_019632.1,Insects
NC_019633.1,Insects
NC_019634.1,Insects
NC_006159.1,Insects
NC_019635.1,Insects
NC_019636.1,Insects
NC_019637.1,Insects
NC_019638.1,Insects
NC_019639.1,Insects
NC_019640.1,Insects
NC_019993.1,Insects
NC_019994.1,Insects
NC_019996.1,Insects
NC_020003.2,Insects
NC_006160.1,Insects
NC_020004.1,Insects
NC_020031.1,Insects
NC_020045.1,Insects
NC_020094.1,Insects
NC_020143.1,Insects
NC_020144.1,Insects
NC_020309.1,Insects
NC_020328.1,Insects
NC_020329.1,Insects
NC_020330.1,Insects
NC_006279.1,Insects
NC_020342.1,Insects
NC_020373.1,Insects
NC_020428.1,Insects
NC_020463.1,Insects
NC_020636.1,Insects
NC_020662.1,Insects
NC_020663.1,Insects
NC_020768.1,Insects
NC_020769.1,Insects
NC_020770.1,Insects
NC_006280.1,Insects
NC_020772.1,Insects
NC_020773.1,Insects
NC_020774.1,Insects
NC_020775.1,Insects
NC_020776.1,Insects
NC_020777.1,Insects
NC_020778.1,Insects
NC_020779.1,Insects
NC_020780.1,Insects
NC_021090.1,Insects
NC_006292.1,Insects
NC_021100.1,Insects
NC_021103.1,Insects
NC_021123.1,Insects
NC_021370.1,Insects
NC_021378.1,Insects
NC_021379.1,Insects
NC_021380.1,Insects
NC_021384.1,Insects
NC_021389.1,Insects
NC_021396.1,Insects
NC_006378.1,Insects
NC_021397.1,Insects
NC_021400.1,Insects
NC_021401.1,Insects
NC_021410.1,Insects
NC_021411.1,Insects
NC_021415.1,Insects
NC_021416.1,Insects
NC_021417.1,Insects
NC_021424.1,Insects
NC_021427.1,Insects
NC_001566.1,Insects
NC_006678.1,Insects
NC_021428.1,Insects
NC_021452.1,Insects
NC_021609.1,Insects
NC_021610.1,Insects
NC_021617.1,Insects
NC_021746.1,Insects
NC_021748.1,Insects
NC_021756.1,Insects
NC_021770.1,Insects
NC_021962.1,Insects
NC_006817.1,Insects
NC_021975.1,Insects
NC_022134.1,Insects
NC_022185.1,Insects
NC_022449.1,Insects
NC_022472.1,Insects
NC_022476.1,Insects
NC_022670.1,Insects
NC_022671.1,Insects
NC_022676.1,Insects
NC_022677.1,Insects
NC_006895.1,Insects
NC_022680.1,Insects
NC_022682.1,Insects
NC_022685.1,Insects
NC_022686.1,Insects
NC_022687.1,Insects
NC_022689.1,Insects
NC_022697.1,Insects
NC_022699.1,Insects
NC_022710.1,Insects
NC_022727.1,Insects
NC_006899.1,Insects
NC_022816.1,Insects
NC_022843.1,Insects
NC_022849.1,Insects
NC_022853.1,Insects
NC_022865.1,Insects
NC_022922.1,Insects
NC_022935.1,Insects
NC_023083.1,Insects
NC_023087.1,Insects
NC_023088.1,Insects
NC_007102.1,Insects
NC_023093.1,Insects
NC_023118.1,Insects
NC_023212.1,Insects
NC_023219.1,Insects
NC_023232.1,Insects
NC_023233.1,Insects
NC_023246.1,Insects
NC_023362.1,Insects
NC_023363.1,Insects
NC_023374.1,Insects
NC_007688.1,Insects
NC_023444.1,Insects
NC_023453.1,Insects
NC_023462.1,Insects
NC_023467.1,Insects
NC_023469.1,Insects
NC_023471.1,Insects
NC_023530.1,Insects
NC_023532.1,Insects
NC_023535.1,Insects
NC_023791.1,Insects
NC_007701.1,Insects
NC_023794.1,Insects
NC_023796.1,Insects
NC_023825.1,Insects
NC_023839.1,Insects
NC_023919.1,Insects
NC_023920.1,Insects
NC_023921.1,Insects
NC_023936.1,Insects
NC_023937.1,Insects
NC_023938.1,Insects
NC_007702.1,Insects
NC_023953.1,Insects
NC_023978.1,Insects
NC_024028.1,Insects
NC_024033.1,Insects
NC_024056.1,Insects
NC_024098.1,Insects
NC_024099.1,Insects
NC_024264.1,Insects
NC_024270.1,Insects
NC_024271.1,Insects
NC_007884.1,Insects
NC_024283.1,Insects
NC_024393.1,Insects
NC_024394.1,Insects
NC_024395.1,Insects
NC_024396.1,Insects
NC_024397.1,Insects
NC_024398.1,Insects
NC_024399.1,Insects
NC_024400.1,Insects
NC_024401.1,Insects
NC_007976.1,Insects
NC_024402.1,Insects
NC_024403.1,Insects
NC_024404.1,Insects
NC_024405.1,Insects
NC_024406.1,Insects
NC_024407.1,Insects
NC_024408.1,Insects
NC_024409.1,Insects
NC_024410.1,Insects
NC_024411.1,Insects
NC_001712.1,Insects
NC_008070.1,Insects
NC_024412.1,Insects
NC_024413.1,Insects
NC_024414.1,Insects
NC_024415.1,Insects
NC_024416.1,Insects
NC_024417.1,Insects
NC_024418.1,Insects
NC_024419.1,Insects
NC_024420.1,Insects
NC_024424.1,Insects
NC_008141.1,Insects
NC_024428.1,Insects
NC_024511.2,Insects
NC_024532.1,Insects
NC_024535.1,Insects
NC_024550.1,Insects
NC_024551.1,Insects
NC_024564.1,Insects
NC_024571.1,Insects
NC_024577.1,Insects
NC_024581.1,Insects
NC_008221.1,Insects
NC_024582.1,Insects
NC_024583.1,Insects
NC_024600.1,Insects
NC_024605.1,Insects
NC_024622.1,Insects
NC_024627.1,Insects
NC_024633.1,Insects
NC_024641.1,Insects
NC_024644.1,Insects
NC_024646.1,Insects
NC_008323.1,Insects
NC_024647.1,Insects
NC_024648.1,Insects
NC_024649.1,Insects
NC_024650.1,Insects
NC_024652.1,Insects
NC_024657.1,Insects
NC_024658.1,Insects
NC_024664.1,Insects
NC_024683.1,Insects
NC_024727.1,Insects
NC_008748.1,Insects
NC_024740.1,Insects
NC_024741.1,Insects
NC_024742.1,Insects
NC_024744.1,Insects
NC_024745.1,Insects
NC_024824.1,Insects
NC_024825.1,Insects
NC_024826.1,Insects
NC_024838.1,Insects
NC_024855.1,Insects
NC_008754.1,Insects
NC_024856.1,Insects
NC_024863.1,Insects
NC_024864.1,Insects
NC_024923.1,Insects
NC_024926.1,Insects
NC_025241.1,Insects
NC_025243.1,Insects
NC_025273.1,Insects
NC_025274.1,Insects
NC_025276.1,Insects
NC_008755.1,Insects
NC_025281.1,Insects
NC_025282.1,Insects
NC_025285.1,Insects
NC_025289.1,Insects
NC_025299.1,Insects
NC_025322.1,Insects
NC_025329.1,Insects
NC_025332.1,Insects
NC_025338.1,Insects
NC_025473.1,Insects
NC_008756.1,Insects
NC_025495.1,Insects
NC_025496.1,Insects
NC_025497.1,Insects
NC_025503.1,Insects
NC_025504.1,Insects
NC_025505.1,Insects
NC_025506.1,Insects
NC_025522.1,Insects
NC_025551.1,Insects
NC_025558.1,Insects
NC_009498.1,Insects
NC_025567.1,Insects
NC_025569.1,Insects
NC_025573.1,Insects
NC_025574.1,Insects
NC_025587.1,Insects
NC_025757.1,Insects
NC_025758.1,Insects
NC_025759.1,Insects
NC_025760.1,Insects
NC_025761.1,Insects
NC_009499.1,Insects
NC_025762.1,Insects
NC_025763.1,Insects
NC_025764.1,Insects
NC_025765.1,Insects
NC_025774.1,Insects
NC_025904.1,Insects
NC_025905.1,Insects
NC_025933.1,Insects
NC_025936.1,Insects
NC_025944.1,Insects
NC_002084.1,Insects
NC_009500.1,Insects
NC_025945.1,Insects
NC_025946.1,Insects
NC_025948.1,Insects
NC_026046.1,Insects
NC_026057.1,Insects
NC_026058.1,Insects
NC_026059.1,Insects
NC_026060.1,Insects
NC_026061.1,Insects
NC_026062.1,Insects
NC_009501.1,Insects
NC_026069.1,Insects
NC_026070.1,Insects
NC_026071.1,Insects
NC_026072.1,Insects
NC_026073.1,Insects
NC_026077.1,Insects
NC_026104.1,Insects
NC_026112.1,Insects
NC_026113.1,Insects
NC_026114.1,Insects
NC_009733.1,Insects
NC_026115.1,Insects
NC_026116.1,Insects
NC_026117.1,Insects
NC_026132.1,Insects
NC_026133.1,Insects
NC_026196.1,Insects
NC_026198.1,Insects
NC_026199.1,Insects
NC_026218.1,Insects
NC_026219.1,Insects
NC_009770.1,Insects
NC_026228.1,Insects
NC_026231.1,Insects
NC_026292.1,Insects
NC_026305.1,Insects
NC_026457.1,Insects
NC_026463.1,Insects
NC_026468.1,Insects
NC_026517.1,Insects
NC_026518.1,Insects
NC_026525.1,Insects
NC_009771.1,Insects
NC_026532.1,Insects
NC_026550.1,Insects
NC_026564.1,Insects
NC_026569.1,Insects
NC_026667.1,Insects
NC_026668.1,Insects
NC_026669.1,Insects
NC_026670.1,Insects
NC_026671.1,Insects
NC_026672.1,Insects
NC_009772.1,Insects
NC_026692.1,Insects
NC_026695.1,Insects
NC_026697.1,Insects
NC_026699.1,Insects
NC_026702.1,Insects
NC_026711.1,Insects
NC_026716.1,Insects
NC_026719.1,Insects
NC_026832.1,Insects
NC_026837.1,Insects
NC_009809.1,Insects
NC_026838.1,Insects
NC_026840.1,Insects
NC_026841.1,Insects
NC_026842.1,Insects
NC_026844.1,Insects
NC_026864.1,Insects
NC_026865.1,Insects
NC_026866.1,Insects
NC_026898.1,Insects
NC_026903.1,Insects
NC_009876.1,Insects
NC_026910.1,Insects
NC_026977.1,Insects
NC_026990.1,Insects
NC_026996.1,Insects
NC_027071.1,Insects
NC_027087.1,Insects
NC_027094.1,Insects
NC_027108.1,Insects
NC_027109.1,Insects
NC_027111.1,Insects
NC_009964.1,Insects
NC_027114.1,Insects
NC_027143.1,Insects
NC_027144.1,Insects
NC_027145.1,Insects
NC_027156.1,Insects
NC_027157.1,Insects
NC_027170.1,Insects
NC_027172.1,Insects
NC_027174.1,Insects
NC_027176.1,Insects
NC_009967.1,Insects
NC_027179.1,Insects
NC_027180.1,Insects
NC_027181.1,Insects
NC_027187.1,Insects
NC_027194.1,Insects
NC_027252.1,Insects
NC_027253.1,Insects
NC_027254.1,Insects
NC_027256.1,Insects
NC_027263.1,Insects
NC_002355.1,Insects
NC_009983.1,Insects
NC_027290.1,Insects
NC_027443.1,Insects
NC_027488.1,Insects
NC_027489.1,Insects
NC_027494.1,Insects
NC_027502.1,Insects
NC_027506.1,Insects
NC_027516.1,Insects
NC_027577.1,Insects
NC_027580.1,Insects
NC_010219.1,Insects
NC_027591.1,Insects
NC_027672.1,Insects
NC_027680.1,Insects
NC_027698.1,Insects
NC_027723.1,Insects
NC_027725.1,Insects
NC_027830.1,Insects
NC_027836.1,Insects
NC_027851.1,Insects
NC_027852.1,Insects
NC_010241.1,Insects
NC_027937.1,Insects
NC_027948.1,Insects
NC_027961.1,Insects
NC_028015.1,Insects
NC_028016.1,Insects
NC_028017.1,Insects
NC_028025.1,Insects
NC_028041.1,Insects
NC_028042.1,Insects
NC_028056.1,Insects
NC_010266.1,Insects
NC_028057.1,Insects
NC_028058.1,Insects
NC_028059.1,Insects
NC_028060.1,Insects
NC_028061.1,Insects
NC_028062.1,Insects
NC_028063.1,Insects
NC_028065.1,Insects
NC_028076.1,Insects
NC_028084.1,Insects
NC_010522.1,Insects
NC_028086.1,Insects
NC_028153.1,Insects
NC_028154.1,Insects
NC_028158.1,Insects
NC_028159.1,Insects
NC_028160.1,Insects
NC_028168.1,Insects
NC_028196.1,Insects
NC_028203.1,Insects
NC_028204.1,Insects
NC_010532.1,Insects
NC_028207.1,Insects
NC_028212.1,Insects
NC_028213.1,Insects
NC_028214.1,Insects
NC_028215.1,Insects
NC_028216.1,Insects
NC_028217.1,Insects
NC_028218.1,Insects
NC_028219.1,Insects
NC_028220.1,Insects
NC_010568.1,Insects
NC_028221.1,Insects
NC_028222.1,Insects
NC_028223.1,Insects
NC_028226.1,Insects
NC_028324.1,Insects
NC_028327.1,Insects
NC_028332.1,Insects
NC_028347.1,Insects
NC_028348.1,Insects
NC_028411.1,Insects
NC_010613.1,Insects
NC_028412.1,Insects
NC_028413.1,Insects
NC_028443.1,Insects
NC_028445.1,Insects
NC_028446.1,Insects
NC_028505.1,Insects
NC_028506.1,Insects
NC_028507.1,Insects
NC_028518.1,Insects
NC_028532.1,Insects
NC_010964.1,Insects
NC_028534.1,Insects
NC_028535.1,Insects
NC_028539.1,Insects
NC_028541.1,Insects
NC_028548.1,Insects
NC_028597.1,Insects
NC_028598.1,Insects
NC_028599.1,Insects
NC_028600.1,Insects
NC_028601.1,Insects
NC_010967.1,Insects
NC_028602.1,Insects
NC_028603.1,Insects
NC_028604.1,Insects
NC_028605.1,Insects
NC_028606.1,Insects
NC_028607.1,Insects
NC_028608.1,Insects
NC_028609.1,Insects
NC_028610.1,Insects
NC_028611.1,Insects
NC_002609.1,Insects
NC_010969.1,Insects
NC_028612.1,Insects
NC_028613.1,Insects
NC_028616.1,Insects
NC_028619.1,Insects
NC_028629.1,Insects
NC_028722.1,Insects
NC_029135.1,Insects
NC_029136.1,Insects
NC_029148.1,Insects
NC_029150.1,Insects
NC_011095.1,Insects
NC_029155.1,Insects
NC_029162.1,Insects
NC_029163.1,Insects
NC_029164.1,Insects
NC_029172.1,Insects
NC_029192.1,Insects
NC_029193.1,Insects
NC_029202.1,Insects
NC_029203.1,Insects
NC_029205.1,Insects
NC_011114.1,Insects
NC_029215.1,Insects
NC_029224.1,Insects
NC_029225.1,Insects
NC_029230.1,Insects
NC_029244.1,Insects
NC_029246.1,Insects
NC_029248.1,Insects
NC_029326.1,Insects
NC_029327.1,Insects
NC_029354.1,Insects
NC_011115.1,Insects
NC_029357.1,Insects
NC_029386.1,Insects
NC_029408.1,Insects
NC_029466.1,Insects
NC_029467.1,Insects
NC_029468.1,Insects
NC_029486.1,Insects
NC_029487.1,Insects
NC_029495.1,Insects
NC_029496.1,Insects
NC_011119.1,Insects
NC_029497.1,Insects
NC_029498.1,Insects
NC_029499.1,Insects
NC_029500.1,Insects
NC_029501.1,Insects
NC_029502.1,Insects
NC_029503.1,Insects
NC_029504.1,Insects
NC_029505.1,Insects
NC_029506.1,Insects
NC_011128.1,Insects
NC_029507.1,Insects
NC_029508.1,Insects
NC_029509.1,Insects
NC_029510.1,Insects
NC_029511.1,Insects
NC_029512.1,Insects
NC_029513.1,Insects
NC_029514.1,Insects
NC_029515.1,Insects
NC_029716.1,Insects
NC_011197.1,Insects
NC_029727.1,Insects
NC_029733.1,Insects
NC_029751.1,Insects
NC_029753.1,Insects
NC_029763.1,Insects
NC_029810.1,Insects
NC_029811.1,Insects
NC_029812.1,Insects
NC_029826.1,Insects
NC_029834.1,Insects
NC_011200.1,Insects
NC_029844.1,Insects
NC_029873.1,Insects
NC_030000.1,Insects
NC_030001.1,Insects
NC_030002.1,Insects
NC_030003.1,Insects
NC_030011.1,Insects
NC_030012.1,Insects
NC_030013.1,Insects
NC_030014.1,Insects
NC_011276.1,Insects
NC_030015.1,Insects
NC_030016.1,Insects
NC_030017.1,Insects
NC_030018.1,Insects
NC_030019.1,Insects
NC_030020.1,Insects
NC_030021.1,Insects
NC_030022.1,Insects
NC_030023.1,Insects
NC_030024.1,Insects
NC_011277.1,Insects
NC_030025.1,Insects
NC_030026.1,Insects
NC_030027.1,Insects
NC_030028.1,Insects
NC_030029.1,Insects
NC_030030.1,Insects
NC_030031.1,Insects
NC_030032.1,Insects
NC_030033.1,Insects
NC_030034.1,Insects
NC_002651.1,Insects
NC_011278.1,Insects
NC_030035.1,Insects
NC_030036.1,Insects
NC_030037.1,Insects
NC_030043.1,Insects
NC_030055.1,Insects
NC_030058.1,Insects
NC_030059.1,Insects
NC_030060.1,Insects
NC_030165.1,Insects
NC_030176.1,Insects
NC_011301.1,Insects
NC_030191.1,Insects
NC_030192.1,Insects
NC_030214.1,Insects
NC_030246.1,Insects
NC_030248.1,Insects
NC_030249.1,Insects
NC_030250.1,Insects
NC_030257.1,Insects
NC_030262.1,Insects
NC_030264.1,Insects
NC_011302.1,Insects
NC_030265.1,Insects
NC_030266.1,Insects
NC_030267.1,Insects
NC_030268.1,Insects
NC_030270.1,Insects
NC_030284.1,Insects
NC_030341.1,Insects
NC_030360.1,Insects
NC_030361.1,Insects
NC_030362.1,Insects
NC_011303.1,Insects
NC_030363.1,Insects
NC_030370.1,Insects
NC_030376.1,Insects
NC_030508.1,Insects
NC_030509.1,Insects
NC_030510.1,Insects
NC_030519.1,Insects
NC_030520.1,Insects
NC_030541.1,Insects
NC_030586.1,Insects
NC_011305.1,Insects
NC_030587.1,Insects
NC_030592.1,Insects
NC_030593.1,Insects
NC_030594.1,Insects
NC_030602.1,Insects
NC_030626.1,Insects
NC_030632.1,Insects
NC_030715.1,Insects
NC_030716.1,Insects
NC_030717.1,Insects
NC_011306.1,Insects
NC_030718.1,Insects
NC_030758.1,Insects
NC_030762.1,Insects
NC_030763.1,Insects
NC_030764.1,Insects
NC_030765.1,Insects
NC_030769.1,Insects
NC_030778.1,Insects
NC_030782.1,Insects
NC_030790.1,Insects
NC_011320.1,Insects
NC_031151.1,Insects
NC_031162.1,Insects
NC_031329.1,Insects
NC_031364.1,Insects
NC_031369.1,Insects
NC_031379.1,Insects
NC_031381.1,Insects
NC_031387.1,Insects
NC_031388.1,Insects
NC_031397.1,Insects
NC_011322.1,Insects
NC_031506.1,Insects
NC_031507.1,Insects
NC_031652.1,Insects
NC_031817.1,Insects
NC_031820.1,Insects
NC_031821.1,Insects
NC_031823.1,Insects
NC_031824.1,Insects
NC_031831.1,Insects
NC_032047.1,Insects
NC_011324.1,Insects
NC_032048.1,Insects
NC_032049.1,Insects
NC_032050.1,Insects
NC_032062.1,Insects
NC_032071.1,Insects
NC_032072.1,Insects
NC_032075.1,Insects
NC_032076.1,Insects
NC_032077.1,Insects
NC_032285.1,Insects
NC_011326.1,Insects
NC_032298.1,Insects
NC_032303.1,Insects
NC_032382.1,Insects
NC_032386.1,Insects
NC_032388.1,Insects
NC_032389.1,Insects
NC_032390.1,Insects
NC_032391.1,Insects
NC_032392.1,Insects
NC_032393.1,Insects
AC_000022.2,Mammals
NC_001602.1,Mammals
NC_005435.1,Mammals
NC_005436.1,Mammals
NC_005825.1,Mammals
NC_005826.1,Mammals
NC_005828.1,Mammals
NC_005829.1,Mammals
NC_005943.1,Mammals
NC_005971.1,Mammals
NC_006295.1,Mammals
NC_006299.1,Mammals
NC_001610.1,Mammals
NC_006364.1,Mammals
NC_006380.3,Mammals
NC_006516.1,Mammals
NC_006517.1,Mammals
NC_006518.1,Mammals
NC_006519.1,Mammals
NC_006520.1,Mammals
NC_006521.1,Mammals
NC_006522.1,Mammals
NC_006523.1,Mammals
NC_001640.1,Mammals
NC_006524.1,Mammals
NC_006835.1,Mammals
NC_006853.1,Mammals
NC_006893.1,Mammals
NC_006900.1,Mammals
NC_006901.1,Mammals
NC_006914.1,Mammals
NC_006915.1,Mammals
NC_006923.1,Mammals
NC_006924.1,Mammals
NC_001643.1,Mammals
NC_006925.1,Mammals
NC_006926.1,Mammals
NC_006927.1,Mammals
NC_006928.1,Mammals
NC_006929.1,Mammals
NC_006930.1,Mammals
NC_006931.1,Mammals
NC_006973.1,Mammals
NC_006993.1,Mammals
NC_007009.1,Mammals
NC_001644.1,Mammals
NC_007179.1,Mammals
NC_007393.1,Mammals
NC_007441.1,Mammals
NC_007596.2,Mammals
NC_007629.1,Mammals
NC_007630.1,Mammals
NC_007631.1,Mammals
NC_007632.1,Mammals
NC_007703.1,Mammals
NC_007704.2,Mammals
NC_001645.1,Mammals
NC_007936.1,Mammals
NC_007937.1,Mammals
NC_007938.1,Mammals
NC_008064.1,Mammals
NC_008066.1,Mammals
NC_008092.1,Mammals
NC_008093.1,Mammals
NC_008133.1,Mammals
NC_008134.1,Mammals
NC_008135.1,Mammals
NC_001646.1,Mammals
NC_008136.1,Mammals
NC_008137.1,Mammals
NC_008145.1,Mammals
NC_008156.1,Mammals
NC_008215.1,Mammals
NC_008216.1,Mammals
NC_008217.1,Mammals
NC_008218.1,Mammals
NC_008219.1,Mammals
NC_008220.1,Mammals
NC_001665.2,Mammals
NC_008414.3,Mammals
NC_008415.3,Mammals
NC_008416.1,Mammals
NC_008417.1,Mammals
NC_008418.1,Mammals
NC_008419.1,Mammals
NC_008420.1,Mammals
NC_008421.1,Mammals
NC_008422.1,Mammals
NC_008423.1,Mammals
NC_001700.1,Mammals
NC_008424.1,Mammals
NC_008425.1,Mammals
NC_008426.1,Mammals
NC_008427.1,Mammals
NC_008428.1,Mammals
NC_008429.1,Mammals
NC_008430.1,Mammals
NC_008431.1,Mammals
NC_008432.1,Mammals
NC_008433.1,Mammals
NC_001779.1,Mammals
NC_008434.1,Mammals
NC_008447.1,Mammals
NC_008450.1,Mammals
NC_008462.1,Mammals
NC_008491.1,Mammals
NC_008749.1,Mammals
NC_008753.1,Mammals
NC_008830.1,Mammals
NC_009056.1,Mammals
NC_009126.1,Mammals
NC_000845.1,Mammals
NC_001788.1,Mammals
NC_009331.1,Mammals
NC_009492.1,Mammals
NC_009510.1,Mammals
NC_009574.1,Mammals
NC_009628.2,Mammals
NC_009629.2,Mammals
NC_009677.1,Mammals
NC_009678.1,Mammals
NC_009685.1,Mammals
NC_009686.1,Mammals
NC_001794.1,Mammals
NC_009691.1,Mammals
NC_009692.1,Mammals
NC_009747.1,Mammals
NC_009748.1,Mammals
NC_009849.1,Mammals
NC_009968.1,Mammals
NC_009969.1,Mammals
NC_009970.1,Mammals
NC_009971.1,Mammals
NC_010298.1,Mammals
NC_001808.1,Mammals
NC_010299.1,Mammals
NC_010300.1,Mammals
NC_010301.1,Mammals
NC_010302.1,Mammals
NC_010304.1,Mammals
NC_010339.1,Mammals
NC_010340.2,Mammals
NC_010497.1,Mammals
NC_010638.1,Mammals
NC_010640.1,Mammals
NC_001821.1,Mammals
NC_010641.1,Mammals
NC_010642.1,Mammals
NC_010650.1,Mammals
NC_011029.1,Mammals
NC_011053.1,Mammals
NC_011112.1,Mammals
NC_011116.1,Mammals
NC_011117.1,Mammals
NC_011118.1,Mammals
NC_011120.1,Mammals
NC_001892.1,Mammals
NC_011124.1,Mammals
NC_011125.1,Mammals
NC_011137.1,Mammals
NC_011218.2,Mammals
NC_011304.1,Mammals
NC_011358.1,Mammals
NC_011519.1,Mammals
NC_011579.1,Mammals
NC_011638.1,Mammals
NC_011821.1,Mammals
NC_001913.1,Mammals
NC_011822.1,Mammals
NC_011944.1,Mammals
NC_011949.1,Mammals
NC_012051.1,Mammals
NC_012053.1,Mammals
NC_012057.1,Mammals
NC_012058.1,Mammals
NC_012059.1,Mammals
NC_012061.1,Mammals
NC_012062.1,Mammals
NC_001941.1,Mammals
NC_012095.1,Mammals
NC_012096.1,Mammals
NC_012098.1,Mammals
NC_012100.1,Mammals
NC_012102.1,Mammals
NC_012103.1,Mammals
NC_012141.1,Mammals
NC_012346.1,Mammals
NC_012374.1,Mammals
NC_012387.1,Mammals
NC_001992.1,Mammals
NC_012389.1,Mammals
NC_012461.1,Mammals
NC_012670.1,Mammals
NC_012681.1,Mammals
NC_012682.1,Mammals
NC_012683.1,Mammals
NC_012684.1,Mammals
NC_012694.1,Mammals
NC_012706.1,Mammals
NC_012761.1,Mammals
NC_002008.4,Mammals
NC_012762.1,Mammals
NC_012763.1,Mammals
NC_012764.1,Mammals
NC_012766.1,Mammals
NC_012769.1,Mammals
NC_012771.1,Mammals
NC_012773.1,Mammals
NC_012774.1,Mammals
NC_012775.1,Mammals
NC_012920.1,Mammals
NC_002009.1,Mammals
NC_013068.1,Mammals
NC_013069.1,Mammals
NC_013276.1,Mammals
NC_013445.1,Mammals
NC_013558.1,Mammals
NC_013563.1,Mammals
NC_013571.1,Mammals
NC_013700.1,Mammals
NC_013751.1,Mammals
NC_013753.1,Mammals
NC_000884.1,Mammals
NC_002078.1,Mammals
NC_013834.1,Mammals
NC_013836.1,Mammals
NC_013840.1,Mammals
NC_013993.1,Mammals
NC_013996.1,Mammals
NC_014042.1,Mammals
NC_014044.1,Mammals
NC_014045.1,Mammals
NC_014047.1,Mammals
NC_014051.1,Mammals
NC_002080.2,Mammals
NC_014453.1,Mammals
NC_014456.1,Mammals
NC_014692.1,Mammals
NC_014696.1,Mammals
NC_014698.1,Mammals
NC_014701.1,Mammals
NC_014703.1,Mammals
NC_014770.1,Mammals
NC_014855.1,Mammals
NC_014858.1,Mammals
NC_002082.1,Mammals
NC_014861.1,Mammals
NC_014864.1,Mammals
NC_014867.1,Mammals
NC_014871.1,Mammals
NC_014875.1,Mammals
NC_015112.1,Mammals
NC_015241.1,Mammals
NC_015243.1,Mammals
NC_015247.1,Mammals
NC_015484.1,Mammals
NC_002083.1,Mammals
NC_015485.1,Mammals
NC_015486.1,Mammals
NC_015529.1,Mammals
NC_015828.1,Mammals
NC_015841.1,Mammals
NC_015889.1,Mammals
NC_016008.1,Mammals
NC_016055.1,Mammals
NC_016060.1,Mammals
NC_016061.1,Mammals
NC_002369.1,Mammals
NC_016178.1,Mammals
NC_016189.1,Mammals
NC_016191.1,Mammals
NC_016421.1,Mammals
NC_016422.1,Mammals
NC_016427.1,Mammals
NC_016428.1,Mammals
NC_016470.1,Mammals
NC_016662.1,Mammals
NC_016689.1,Mammals
NC_002391.1,Mammals
NC_016707.1,Mammals
NC_016871.1,Mammals
NC_016872.1,Mammals
NC_016873.1,Mammals
NC_016920.1,Mammals
NC_017599.1,Mammals
NC_018032.1,Mammals
NC_018053.1,Mammals
NC_018057.1,Mammals
NC_018058.1,Mammals
NC_002503.2,Mammals
NC_018059.1,Mammals
NC_018060.1,Mammals
NC_018061.1,Mammals
NC_018062.1,Mammals
NC_018063.1,Mammals
NC_018096.1,Mammals
NC_018098.1,Mammals
NC_018115.1,Mammals
NC_018116.1,Mammals
NC_018358.1,Mammals
NC_002504.1,Mammals
NC_018367.1,Mammals
NC_018535.1,Mammals
NC_018539.1,Mammals
NC_018540.1,Mammals
NC_018595.1,Mammals
NC_018598.1,Mammals
NC_018603.1,Mammals
NC_018753.1,Mammals
NC_018780.1,Mammals
NC_018781.1,Mammals
NC_002521.1,Mammals
NC_018782.1,Mammals
NC_018783.1,Mammals
NC_018788.1,Mammals
NC_019441.1,Mammals
NC_019577.1,Mammals
NC_019578.2,Mammals
NC_019579.1,Mammals
NC_019580.1,Mammals
NC_019581.1,Mammals
NC_019582.1,Mammals
NC_002612.1,Mammals
NC_019583.1,Mammals
NC_019584.1,Mammals
NC_019585.1,Mammals
NC_019588.1,Mammals
NC_019589.1,Mammals
NC_019590.1,Mammals
NC_019591.1,Mammals
NC_019612.1,Mammals
NC_019617.1,Mammals
NC_019626.1,Mammals
NC_000889.1,Mammals
NC_002619.1,Mammals
NC_019799.1,Mammals
NC_019800.1,Mammals
NC_019801.1,Mammals
NC_019802.1,Mammals
NC_020006.2,Mammals
NC_020007.2,Mammals
NC_020008.2,Mammals
NC_020009.2,Mammals
NC_020010.2,Mammals
NC_020017.1,Mammals
NC_002626.1,Mammals
NC_020093.1,Mammals
NC_020326.1,Mammals
NC_020432.2,Mammals
NC_020433.1,Mammals
NC_020476.1,Mammals
NC_020614.1,Mammals
NC_020615.1,Mammals
NC_020616.1,Mammals
NC_020617.1,Mammals
NC_020618.1,Mammals
NC_002631.2,Mammals
NC_020619.1,Mammals
NC_020620.1,Mammals
NC_020621.1,Mammals
NC_020622.1,Mammals
NC_020623.1,Mammals
NC_020624.1,Mammals
NC_020625.1,Mammals
NC_020626.1,Mammals
NC_020627.1,Mammals
NC_020628.1,Mammals
NC_002658.1,Mammals
NC_020629.1,Mammals
NC_020630.1,Mammals
NC_020631.1,Mammals
NC_020632.1,Mammals
NC_020633.1,Mammals
NC_020637.1,Mammals
NC_020638.1,Mammals
NC_020639.1,Mammals
NC_020640.1,Mammals
NC_020641.1,Mammals
NC_002746.1,Mammals
NC_020642.1,Mammals
NC_020643.1,Mammals
NC_020644.1,Mammals
NC_020645.1,Mammals
NC_020646.1,Mammals
NC_020647.1,Mammals
NC_020648.1,Mammals
NC_020656.1,Mammals
NC_020657.1,Mammals
NC_020658.1,Mammals
NC_002763.1,Mammals
NC_020659.1,Mammals
NC_020660.1,Mammals
NC_020661.1,Mammals
NC_020664.1,Mammals
NC_020666.1,Mammals
NC_020667.1,Mammals
NC_020669.1,Mammals
NC_020670.1,Mammals
NC_020674.1,Mammals
NC_020675.1,Mammals
NC_002764.1,Mammals
NC_020676.1,Mammals
NC_020677.1,Mammals
NC_020678.1,Mammals
NC_020679.1,Mammals
NC_020680.1,Mammals
NC_020681.1,Mammals
NC_020682.1,Mammals
NC_020683.1,Mammals
NC_020684.1,Mammals
NC_020685.1,Mammals
NC_002765.1,Mammals
NC_020686.1,Mammals
NC_020687.1,Mammals
NC_020688.1,Mammals
NC_020689.1,Mammals
NC_020690.1,Mammals
NC_020691.1,Mammals
NC_020692.1,Mammals
NC_020693.1,Mammals
NC_020694.1,Mammals
NC_020695.1,Mammals
NC_002808.1,Mammals
NC_020696.1,Mammals
NC_020697.1,Mammals
NC_020698.1,Mammals
NC_020699.1,Mammals
NC_020700.1,Mammals
NC_020701.1,Mammals
NC_020702.1,Mammals
NC_020703.1,Mammals
NC_020704.1,Mammals
NC_020705.1,Mammals
NC_002811.1,Mammals
NC_020706.1,Mammals
NC_020707.1,Mammals
NC_020708.1,Mammals
NC_020709.1,Mammals
NC_020710.1,Mammals
NC_020711.1,Mammals
NC_020712.1,Mammals
NC_020713.1,Mammals
NC_020714.1,Mammals
NC_020715.1,Mammals
NC_000891.1,Mammals
NC_003033.1,Mammals
NC_020716.1,Mammals
NC_020717.1,Mammals
NC_020718.1,Mammals
NC_020719.1,Mammals
NC_020720.1,Mammals
NC_020721.1,Mammals
NC_020722.1,Mammals
NC_020723.1,Mammals
NC_020724.1,Mammals
NC_020725.1,Mammals
NC_003039.1,Mammals
NC_020726.1,Mammals
NC_020727.1,Mammals
NC_020728.1,Mammals
NC_020729.1,Mammals
NC_020730.1,Mammals
NC_020731.1,Mammals
NC_020732.1,Mammals
NC_020733.1,Mammals
NC_020734.1,Mammals
NC_020735.1,Mammals
NC_003040.1,Mammals
NC_020736.1,Mammals
NC_020737.1,Mammals
NC_020738.1,Mammals
NC_020739.1,Mammals
NC_020740.1,Mammals
NC_020741.1,Mammals
NC_020742.1,Mammals
NC_020743.1,Mammals
NC_020744.1,Mammals
NC_020745.1,Mammals
NC_003041.1,Mammals
NC_020746.1,Mammals
NC_020747.1,Mammals
NC_020748.1,Mammals
NC_020749.1,Mammals
NC_020750.1,Mammals
NC_020751.1,Mammals
NC_020752.1,Mammals
NC_020753.1,Mammals
NC_020754.1,Mammals
NC_020755.1,Mammals
NC_003314.1,Mammals
NC_020756.1,Mammals
NC_020757.1,Mammals
NC_020758.1,Mammals
NC_020759.1,Mammals
NC_020766.1,Mammals
NC_020788.1,Mammals
NC_020789.1,Mammals
NC_020792.1,Mammals
NC_020793.1,Mammals
NC_020794.1,Mammals
NC_003321.1,Mammals
NC_021119.1,Mammals
NC_021129.1,Mammals
NC_021381.1,Mammals
NC_021386.1,Mammals
NC_021387.1,Mammals
NC_021398.1,Mammals
NC_021434.1,Mammals
NC_021435.1,Mammals
NC_021461.1,Mammals
NC_021478.1,Mammals
NC_003322.1,Mammals
NC_021749.1,Mammals
NC_021751.1,Mammals
NC_021938.1,Mammals
NC_021939.1,Mammals
NC_021940.1,Mammals
NC_021941.1,Mammals
NC_021942.1,Mammals
NC_021943.1,Mammals
NC_021944.1,Mammals
NC_021945.1,Mammals
NC_003426.1,Mammals
NC_021946.1,Mammals
NC_021947.1,Mammals
NC_021948.1,Mammals
NC_021949.1,Mammals
NC_021950.1,Mammals
NC_021951.1,Mammals
NC_021952.1,Mammals
NC_021953.1,Mammals
NC_021954.1,Mammals
NC_021955.1,Mammals
NC_003427.1,Mammals
NC_021956.1,Mammals
NC_021957.1,Mammals
NC_021958.1,Mammals
NC_021959.1,Mammals
NC_021960.1,Mammals
NC_021961.1,Mammals
NC_021965.1,Mammals
NC_021966.1,Mammals
NC_021967.1,Mammals
NC_021974.1,Mammals
NC_003428.1,Mammals
NC_022419.1,Mammals
NC_022420.1,Mammals
NC_022421.1,Mammals
NC_022422.1,Mammals
NC_022423.1,Mammals
NC_022424.1,Mammals
NC_022425.1,Mammals
NC_022426.1,Mammals
NC_022427.1,Mammals
NC_022428.1,Mammals
NC_000934.1,Mammals
NC_004023.1,Mammals
NC_022429.1,Mammals
NC_022474.1,Mammals
NC_022694.1,Mammals
NC_022698.1,Mammals
NC_022805.1,Mammals
NC_022842.1,Mammals
NC_023089.1,Mammals
NC_023100.1,Mammals
NC_023122.1,Mammals
NC_023210.1,Mammals
NC_004025.1,Mammals
NC_023211.1,Mammals
NC_023244.1,Mammals
NC_023263.1,Mammals
NC_023347.1,Mammals
NC_023351.1,Mammals
NC_023368.1,Mammals
NC_023457.1,Mammals
NC_023459.1,Mammals
NC_023536.1,Mammals
NC_023541.1,Mammals
NC_004026.1,Mammals
NC_023542.1,Mammals
NC_023543.1,Mammals
NC_023780.1,Mammals
NC_023795.1,Mammals
NC_023830.1,Mammals
NC_023838.1,Mammals
NC_023889.1,Mammals
NC_023922.1,Mammals
NC_023950.1,Mammals
NC_023958.1,Mammals
NC_004027.1,Mammals
NC_023960.1,Mammals
NC_023961.1,Mammals
NC_023962.1,Mammals
NC_023963.1,Mammals
NC_023964.1,Mammals
NC_023965.1,Mammals
NC_023970.1,Mammals
NC_023971.1,Mammals
NC_024030.1,Mammals
NC_024040.1,Mammals
NC_004028.1,Mammals
NC_024041.1,Mammals
NC_024042.1,Mammals
NC_024043.1,Mammals
NC_024051.1,Mammals
NC_024052.1,Mammals
NC_024053.1,Mammals
NC_024172.1,Mammals
NC_024259.1,Mammals
NC_024529.1,Mammals
NC_024538.1,Mammals
NC_004029.2,Mammals
NC_024558.1,Mammals
NC_024563.1,Mammals
NC_024567.1,Mammals
NC_024568.1,Mammals
NC_024569.1,Mammals
NC_024592.1,Mammals
NC_024604.1,Mammals
NC_024628.1,Mammals
NC_024629.1,Mammals
NC_024630.1,Mammals
NC_004030.2,Mammals
NC_024812.1,Mammals
NC_024818.1,Mammals
NC_024819.1,Mammals
NC_024820.1,Mammals
NC_024860.1,Mammals
NC_024933.1,Mammals
NC_024942.1,Mammals
NC_025201.1,Mammals
NC_025221.1,Mammals
NC_025222.1,Mammals
NC_004031.1,Mammals
NC_025268.1,Mammals
NC_025269.1,Mammals
NC_025270.1,Mammals
NC_025271.1,Mammals
NC_025277.1,Mammals
NC_025278.1,Mammals
NC_025283.1,Mammals
NC_025287.1,Mammals
NC_025296.1,Mammals
NC_025308.1,Mammals
NC_004032.1,Mammals
NC_025316.1,Mammals
NC_025327.1,Mammals
NC_025330.1,Mammals
NC_025513.1,Mammals
NC_025516.1,Mammals
NC_025550.1,Mammals
NC_025559.1,Mammals
NC_025563.1,Mammals
NC_025568.1,Mammals
NC_025586.1,Mammals
NC_004069.1,Mammals
NC_025670.1,Mammals
NC_025746.1,Mammals
NC_025747.1,Mammals
NC_025748.1,Mammals
NC_025769.1,Mammals
NC_025777.1,Mammals
NC_025902.1,Mammals
NC_025949.1,Mammals
NC_025952.1,Mammals
NC_026034.1,Mammals
NC_001321.1,Mammals
NC_004563.1,Mammals
NC_026063.1,Mammals
NC_026064.1,Mammals
NC_026084.1,Mammals
NC_026085.1,Mammals
NC_026086.1,Mammals
NC_026088.1,Mammals
NC_026090.1,Mammals
NC_026095.1,Mammals
NC_026098.1,Mammals
NC_026120.1,Mammals
NC_004577.1,Mammals
NC_026124.1,Mammals
NC_026131.1,Mammals
NC_026204.2,Mammals
NC_026442.1,Mammals
NC_026443.1,Mammals
NC_026456.1,Mammals
NC_026460.1,Mammals
NC_026465.1,Mammals
NC_026529.1,Mammals
NC_026542.1,Mammals
NC_004919.1,Mammals
NC_026705.1,Mammals
NC_026706.1,Mammals
NC_026723.1,Mammals
NC_026780.1,Mammals
NC_026781.1,Mammals
NC_026875.1,Mammals
NC_026915.1,Mammals
NC_026976.1,Mammals
NC_026992.1,Mammals
NC_027083.1,Mammals
NC_004920.1,Mammals
NC_027115.1,Mammals
NC_027233.1,Mammals
NC_027237.1,Mammals
NC_027242.1,Mammals
NC_027243.1,Mammals
NC_027244.1,Mammals
NC_027245.1,Mammals
NC_027246.1,Mammals
NC_027247.1,Mammals
NC_027248.1,Mammals
NC_004921.1,Mammals
NC_027249.1,Mammals
NC_027278.1,Mammals
NC_027283.1,Mammals
NC_027418.1,Mammals
NC_027424.1,Mammals
NC_027449.1,Mammals
NC_027499.1,Mammals
NC_027500.1,Mammals
NC_027578.1,Mammals
NC_027579.1,Mammals
NC_005033.1,Mammals
NC_027593.1,Mammals
NC_027604.1,Mammals
NC_027658.1,Mammals
NC_027683.1,Mammals
NC_027684.1,Mammals
NC_027692.1,Mammals
NC_027740.1,Mammals
NC_027742.1,Mammals
NC_027825.1,Mammals
NC_027828.1,Mammals
NC_005034.1,Mammals
NC_027932.1,Mammals
NC_027935.1,Mammals
NC_027945.1,Mammals
NC_027956.1,Mammals
NC_027963.1,Mammals
NC_027964.1,Mammals
NC_027973.1,Mammals
NC_027977.1,Mammals
NC_028013.1,Mammals
NC_028150.1,Mammals
NC_005035.1,Mammals
NC_028161.1,Mammals
NC_028210.1,Mammals
NC_028299.1,Mammals
NC_028300.1,Mammals
NC_028301.1,Mammals
NC_028302.1,Mammals
NC_028303.1,Mammals
NC_028304.1,Mammals
NC_028305.1,Mammals
NC_028306.1,Mammals
NC_005044.2,Mammals
NC_028307.1,Mammals
NC_028308.1,Mammals
NC_028309.1,Mammals
NC_028310.1,Mammals
NC_028311.1,Mammals
NC_028312.1,Mammals
NC_028313.1,Mammals
NC_028314.1,Mammals
NC_028315.1,Mammals
NC_028316.1,Mammals
NC_005089.1,Mammals
NC_028317.1,Mammals
NC_028318.1,Mammals
NC_028319.1,Mammals
NC_028320.1,Mammals
NC_028321.1,Mammals
NC_028322.1,Mammals
NC_028323.1,Mammals
NC_028335.1,Mammals
NC_028427.1,Mammals
NC_028442.1,Mammals
NC_001325.1,Mammals
NC_005129.2,Mammals
NC_028501.1,Mammals
NC_028536.1,Mammals
NC_028554.1,Mammals
NC_028555.1,Mammals
NC_028556.1,Mammals
NC_028557.1,Mammals
NC_028558.1,Mammals
NC_028559.1,Mammals
NC_028560.1,Mammals
NC_028561.1,Mammals
NC_005212.1,Mammals
NC_028562.1,Mammals
NC_028563.1,Mammals
NC_028564.1,Mammals
NC_028565.1,Mammals
NC_028566.1,Mammals
NC_028567.1,Mammals
NC_028568.1,Mammals
NC_028569.1,Mammals
NC_028570.1,Mammals
NC_028571.1,Mammals
NC_005268.1,Mammals
NC_028572.1,Mammals
NC_028573.1,Mammals
NC_028574.1,Mammals
NC_028575.1,Mammals
NC_028576.1,Mammals
NC_028577.1,Mammals
NC_028592.1,Mammals
NC_028625.1,Mammals
NC_028715.1,Mammals
NC_028718.1,Mammals
NC_005269.1,Mammals
NC_029191.1,Mammals
NC_029325.1,Mammals
NC_029329.1,Mammals
NC_029342.1,Mammals
NC_029346.1,Mammals
NC_029375.1,Mammals
NC_029381.1,Mammals
NC_029403.1,Mammals
NC_029422.1,Mammals
NC_029477.1,Mammals
NC_005270.1,Mammals
NC_029760.1,Mammals
NC_029762.1,Mammals
NC_029836.1,Mammals
NC_029840.1,Mammals
NC_029849.1,Mammals
NC_029876.1,Mammals
NC_029888.1,Mammals
NC_029939.1,Mammals
NC_030070.1,Mammals
NC_030071.1,Mammals
NC_005271.1,Mammals
NC_030072.1,Mammals
NC_030174.1,Mammals
NC_030179.1,Mammals
NC_030184.1,Mammals
NC_030330.1,Mammals
NC_030342.1,Mammals
NC_030788.1,Mammals
NC_031156.1,Mammals
NC_031209.1,Mammals
NC_031210.1,Mammals
NC_005272.1,Mammals
NC_031330.1,Mammals
NC_031802.1,Mammals
NC_031809.1,Mammals
NC_031835.1,Mammals
NC_031847.1,Mammals
NC_032286.1,Mammals
NC_032301.1,Mammals
NC_032352.1,Mammals
NC_032370.1,Mammals
NC_032371.1,Mammals
NC_005273.1,Mammals
NC_032372.1,Mammals
NC_032373.1,Mammals
NC_032374.1,Mammals
NC_032375.1,Mammals
NC_032376.1,Mammals
NC_005274.1,Mammals
NC_005275.1,Mammals
NC_001601.1,Mammals
NC_005276.1,Mammals
NC_005277.1,Mammals
NC_005278.1,Mammals
NC_005279.1,Mammals
NC_005280.1,Mammals
NC_005314.1,Mammals
NC_005315.1,Mammals
NC_005358.1,Mammals
NC_005433.1,Mammals
NC_005434.1,Mammals
