NC_000834.1,Cephalochordata
NC_001912.1,Cephalochordata
NC_004537.1,Cephalochordata
NC_006464.1,Cephalochordata
NC_006465.1,Cephalochordata
NC_008069.1,Cephalochordata
NC_009774.1,Cephalochordata
NC_009775.1,Cephalochordata
NC_026836.1,Cephalochordata
AC_000022.2,Craniata
NC_002744.2,Craniata
NC_011628.1,Craniata
NC_011629.1,Craniata
NC_011630.1,Craniata
NC_011631.1,Craniata
NC_011632.1,Craniata
NC_011633.1,Craniata
NC_011634.1,Craniata
NC_011635.1,Craniata
NC_011636.1,Craniata
NC_011637.1,Craniata
NC_002746.1,Craniata
NC_011638.1,Craniata
NC_011707.1,Craniata
NC_011708.1,Craniata
NC_011709.1,Craniata
NC_011710.1,Craniata
NC_011711.1,Craniata
NC_011712.1,Craniata
NC_011714.1,Craniata
NC_011715.1,Craniata
NC_011716.2,Craniata
NC_002756.1,Craniata
NC_011718.2,Craniata
NC_011719.1,Craniata
NC_011764.1,Craniata
NC_011814.1,Craniata
NC_011815.1,Craniata
NC_011816.1,Craniata
NC_011817.1,Craniata
NC_011818.1,Craniata
NC_011819.1,Craniata
NC_011821.1,Craniata
NC_002761.2,Craniata
NC_011822.1,Craniata
NC_011825.1,Craniata
NC_011921.1,Craniata
NC_011922.1,Craniata
NC_011924.1,Craniata
NC_011925.1,Craniata
NC_011926.1,Craniata
NC_011927.1,Craniata
NC_011928.1,Craniata
NC_011929.1,Craniata
NC_002763.1,Craniata
NC_011931.1,Craniata
NC_011932.1,Craniata
NC_011933.1,Craniata
NC_011934.1,Craniata
NC_011935.1,Craniata
NC_011936.1,Craniata
NC_011937.1,Craniata
NC_011938.1,Craniata
NC_011939.1,Craniata
NC_011940.1,Craniata
NC_002764.1,Craniata
NC_011941.1,Craniata
NC_011943.1,Craniata
NC_011944.1,Craniata
NC_011945.1,Craniata
NC_011946.1,Craniata
NC_011947.1,Craniata
NC_011948.1,Craniata
NC_011949.1,Craniata
NC_011950.1,Craniata
NC_011951.1,Craniata
NC_002765.1,Craniata
NC_011952.1,Craniata
NC_011953.1,Craniata
NC_011955.1,Craniata
NC_011956.1,Craniata
NC_012043.1,Craniata
NC_012044.1,Craniata
NC_012045.1,Craniata
NC_012046.1,Craniata
NC_012047.1,Craniata
NC_012048.1,Craniata
NC_002772.2,Craniata
NC_012049.1,Craniata
NC_012050.1,Craniata
NC_012051.1,Craniata
NC_012053.1,Craniata
NC_012054.1,Craniata
NC_012055.1,Craniata
NC_012057.1,Craniata
NC_012058.1,Craniata
NC_012059.1,Craniata
NC_012061.1,Craniata
NC_002778.2,Craniata
NC_012062.1,Craniata
NC_012095.1,Craniata
NC_012096.1,Craniata
NC_012098.1,Craniata
NC_012100.1,Craniata
NC_012102.1,Craniata
NC_012103.1,Craniata
NC_012140.1,Craniata
NC_012141.1,Craniata
NC_012142.1,Craniata
NC_002779.1,Craniata
NC_012143.1,Craniata
NC_012146.1,Craniata
NC_012312.1,Craniata
NC_012323.1,Craniata
NC_012346.1,Craniata
NC_012361.1,Craniata
NC_012366.1,Craniata
NC_012374.1,Craniata
NC_012377.1,Craniata
NC_012387.1,Craniata
NC_000845.1,Craniata
NC_002780.1,Craniata
NC_012389.1,Craniata
NC_012398.1,Craniata
NC_012414.1,Craniata
NC_012420.1,Craniata
NC_012422.1,Craniata
NC_012427.1,Craniata
NC_012430.1,Craniata
NC_012431.1,Craniata
NC_012433.1,Craniata
NC_012436.1,Craniata
NC_002781.3,Craniata
NC_012443.1,Craniata
NC_012444.1,Craniata
NC_012445.1,Craniata
NC_012452.1,Craniata
NC_012453.1,Craniata
NC_012461.1,Craniata
NC_012465.1,Craniata
NC_012570.1,Craniata
NC_012573.1,Craniata
NC_012576.1,Craniata
NC_002782.2,Craniata
NC_012646.1,Craniata
NC_012647.1,Craniata
NC_012670.1,Craniata
NC_012675.1,Craniata
NC_012676.1,Craniata
NC_012677.1,Craniata
NC_012678.1,Craniata
NC_012679.1,Craniata
NC_012680.1,Craniata
NC_012681.1,Craniata
NC_002783.2,Craniata
NC_012682.1,Craniata
NC_012683.1,Craniata
NC_012684.1,Craniata
NC_012694.1,Craniata
NC_012705.1,Craniata
NC_012706.1,Craniata
NC_012707.1,Craniata
NC_012709.1,Craniata
NC_012710.1,Craniata
NC_012711.1,Craniata
NC_002784.1,Craniata
NC_012712.1,Craniata
NC_012713.1,Craniata
NC_012714.1,Craniata
NC_012715.1,Craniata
NC_012717.2,Craniata
NC_012736.1,Craniata
NC_012737.1,Craniata
NC_012761.1,Craniata
NC_012762.1,Craniata
NC_012763.1,Craniata
NC_002785.1,Craniata
NC_012764.1,Craniata
NC_012766.1,Craniata
NC_012769.1,Craniata
NC_012770.1,Craniata
NC_012771.1,Craniata
NC_012772.1,Craniata
NC_012773.1,Craniata
NC_012774.1,Craniata
NC_012775.1,Craniata
NC_012816.1,Craniata
NC_002793.1,Craniata
NC_012825.1,Craniata
NC_012827.1,Craniata
NC_012829.1,Craniata
NC_012831.1,Craniata
NC_012833.1,Craniata
NC_012834.1,Craniata
NC_012836.1,Craniata
NC_012839.1,Craniata
NC_012843.1,Craniata
NC_012844.1,Craniata
NC_002805.1,Craniata
NC_012895.1,Craniata
NC_012897.1,Craniata
NC_012900.1,Craniata
NC_012902.2,Craniata
NC_012904.1,Craniata
NC_012905.1,Craniata
NC_012906.1,Craniata
NC_012907.1,Craniata
NC_012908.1,Craniata
NC_012920.1,Craniata
NC_002807.1,Craniata
NC_012928.1,Craniata
NC_012929.1,Craniata
NC_012975.1,Craniata
NC_012976.1,Craniata
NC_012979.1,Craniata
NC_012980.1,Craniata
NC_012981.1,Craniata
NC_013064.1,Craniata
NC_013068.1,Craniata
NC_013069.1,Craniata
NC_002808.1,Craniata
NC_013071.1,Craniata
NC_013072.1,Craniata
NC_013087.1,Craniata
NC_013089.1,Craniata
NC_013136.1,Craniata
NC_013137.1,Craniata
NC_013138.1,Craniata
NC_013139.1,Craniata
NC_013140.1,Craniata
NC_013141.1,Craniata
NC_000846.1,Craniata
NC_002811.1,Craniata
NC_013142.1,Craniata
NC_013143.1,Craniata
NC_013144.1,Craniata
NC_013146.1,Craniata
NC_013148.1,Craniata
NC_013149.1,Craniata
NC_013150.1,Craniata
NC_013151.1,Craniata
NC_013181.1,Craniata
NC_013182.1,Craniata
NC_002812.1,Craniata
NC_013183.1,Craniata
NC_013186.1,Craniata
NC_013189.1,Craniata
NC_013244.1,Craniata
NC_013270.1,Craniata
NC_013276.1,Craniata
NC_013360.1,Craniata
NC_013430.1,Craniata
NC_013431.1,Craniata
NC_013433.1,Craniata
NC_002813.1,Craniata
NC_013434.1,Craniata
NC_013436.1,Craniata
NC_013445.1,Craniata
NC_013479.1,Craniata
NC_013481.1,Craniata
NC_013483.2,Craniata
NC_013485.1,Craniata
NC_013555.1,Craniata
NC_013557.1,Craniata
NC_013558.1,Craniata
NC_002980.1,Craniata
NC_013559.1,Craniata
NC_013560.1,Craniata
NC_013562.1,Craniata
NC_013563.1,Craniata
NC_013564.1,Craniata
NC_013566.1,Craniata
NC_013567.1,Craniata
NC_013570.1,Craniata
NC_013571.1,Craniata
NC_013572.1,Craniata
NC_003033.1,Craniata
NC_013574.1,Craniata
NC_013575.1,Craniata
NC_013577.1,Craniata
NC_013579.1,Craniata
NC_013581.1,Craniata
NC_013583.1,Craniata
NC_013601.1,Craniata
NC_013602.1,Craniata
NC_013603.2,Craniata
NC_013605.1,Craniata
NC_003039.1,Craniata
NC_013606.1,Craniata
NC_013607.1,Craniata
NC_013608.1,Craniata
NC_013609.1,Craniata
NC_013610.1,Craniata
NC_013611.1,Craniata
NC_013612.1,Craniata
NC_013613.1,Craniata
NC_013614.1,Craniata
NC_013615.1,Craniata
NC_003040.1,Craniata
NC_013616.1,Craniata
NC_013617.1,Craniata
NC_013618.1,Craniata
NC_013619.1,Craniata
NC_013620.1,Craniata
NC_013621.1,Craniata
NC_013622.1,Craniata
NC_013623.1,Craniata
NC_013624.2,Craniata
NC_013625.1,Craniata
NC_003041.1,Craniata
NC_013626.2,Craniata
NC_013627.1,Craniata
NC_013628.2,Craniata
NC_013629.1,Craniata
NC_013630.1,Craniata
NC_013631.1,Craniata
NC_013632.1,Craniata
NC_013633.1,Craniata
NC_013634.1,Craniata
NC_013635.1,Craniata
NC_003095.1,Craniata
NC_013663.1,Craniata
NC_013700.1,Craniata
NC_013702.1,Craniata
NC_013704.1,Craniata
NC_013705.1,Craniata
NC_013709.1,Craniata
NC_013711.1,Craniata
NC_013712.1,Craniata
NC_013723.1,Craniata
NC_013724.1,Craniata
NC_003096.1,Craniata
NC_013725.1,Craniata
NC_013750.1,Craniata
NC_013751.1,Craniata
NC_013753.1,Craniata
NC_013754.1,Craniata
NC_013759.1,Craniata
NC_013761.1,Craniata
NC_013762.1,Craniata
NC_013763.1,Craniata
NC_013764.1,Craniata
NC_000860.1,Craniata
NC_003097.1,Craniata
NC_013806.1,Craniata
NC_013812.1,Craniata
NC_013820.1,Craniata
NC_013825.1,Craniata
NC_013828.1,Craniata
NC_013829.1,Craniata
NC_013832.1,Craniata
NC_013834.1,Craniata
NC_013836.1,Craniata
NC_013838.1,Craniata
NC_003127.1,Craniata
NC_013840.1,Craniata
NC_013841.1,Craniata
NC_013842.1,Craniata
NC_013845.1,Craniata
NC_013863.1,Craniata
NC_013864.1,Craniata
NC_013865.1,Craniata
NC_013866.1,Craniata
NC_013867.1,Craniata
NC_013868.1,Craniata
NC_003128.3,Craniata
NC_013869.1,Craniata
NC_013870.1,Craniata
NC_013871.1,Craniata
NC_013872.1,Craniata
NC_013873.1,Craniata
NC_013875.1,Craniata
NC_013879.1,Craniata
NC_013880.1,Craniata
NC_013882.1,Craniata
NC_013883.1,Craniata
NC_003136.1,Craniata
NC_013885.1,Craniata
NC_013886.1,Craniata
NC_013975.1,Craniata
NC_013977.1,Craniata
NC_013978.1,Craniata
NC_013979.1,Craniata
NC_013980.1,Craniata
NC_013981.1,Craniata
NC_013982.1,Craniata
NC_013983.1,Craniata
NC_003137.1,Craniata
NC_013984.1,Craniata
NC_013985.1,Craniata
NC_013987.1,Craniata
NC_013988.1,Craniata
NC_013989.1,Craniata
NC_013990.1,Craniata
NC_013992.1,Craniata
NC_013993.1,Craniata
NC_013994.1,Craniata
NC_013996.1,Craniata
NC_003159.1,Craniata
NC_014042.1,Craniata
NC_014044.1,Craniata
NC_014045.1,Craniata
NC_014046.1,Craniata
NC_014047.1,Craniata
NC_014048.1,Craniata
NC_014051.1,Craniata
NC_014052.1,Craniata
NC_014054.1,Craniata
NC_014059.1,Craniata
NC_003160.1,Craniata
NC_014060.1,Craniata
NC_014061.1,Craniata
NC_014101.1,Craniata
NC_014102.1,Craniata
NC_014174.1,Craniata
NC_014175.1,Craniata
NC_014176.1,Craniata
NC_014177.1,Craniata
NC_014178.1,Craniata
NC_014179.1,Craniata
NC_003161.1,Craniata
NC_014180.1,Craniata
NC_014182.1,Craniata
NC_014261.1,Craniata
NC_014263.1,Craniata
NC_014264.1,Craniata
NC_014265.1,Craniata
NC_014266.1,Craniata
NC_014268.1,Craniata
NC_014269.1,Craniata
NC_014270.1,Craniata
NC_003162.1,Craniata
NC_014271.1,Craniata
NC_014276.1,Craniata
NC_014277.1,Craniata
NC_014279.1,Craniata
NC_014281.1,Craniata
NC_014284.1,Craniata
NC_014285.1,Craniata
NC_014288.1,Craniata
NC_014290.1,Craniata
NC_014292.1,Craniata
NC_003163.1,Craniata
NC_014293.1,Craniata
NC_014341.1,Craniata
NC_014343.1,Craniata
NC_014350.1,Craniata
NC_014351.1,Craniata
NC_014353.1,Craniata
NC_014400.1,Craniata
NC_014401.1,Craniata
NC_014404.1,Craniata
NC_014453.1,Craniata
NC_000861.1,Craniata
NC_003164.1,Craniata
NC_014455.1,Craniata
NC_014456.1,Craniata
NC_014568.1,Craniata
NC_014571.1,Craniata
NC_014572.1,Craniata
NC_014576.1,Craniata
NC_014577.1,Craniata
NC_014581.1,Craniata
NC_014584.1,Craniata
NC_014586.1,Craniata
NC_003165.1,Craniata
NC_014670.1,Craniata
NC_014685.1,Craniata
NC_014686.1,Craniata
NC_014689.1,Craniata
NC_014690.1,Craniata
NC_014691.1,Craniata
NC_014692.1,Craniata
NC_014696.1,Craniata
NC_014698.1,Craniata
NC_014701.1,Craniata
NC_003166.1,Craniata
NC_014703.1,Craniata
NC_014706.1,Craniata
NC_014764.2,Craniata
NC_014769.1,Craniata
NC_014770.1,Craniata
NC_014849.1,Craniata
NC_014851.1,Craniata
NC_014855.1,Craniata
NC_014858.1,Craniata
NC_014859.1,Craniata
NC_003167.1,Craniata
NC_014861.1,Craniata
NC_014862.1,Craniata
NC_014864.1,Craniata
NC_014866.1,Craniata
NC_014867.1,Craniata
NC_014871.1,Craniata
NC_014873.1,Craniata
NC_014875.1,Craniata
NC_014877.1,Craniata
NC_014878.1,Craniata
NC_003168.1,Craniata
NC_014879.1,Craniata
NC_014880.1,Craniata
NC_014881.1,Craniata
NC_014882.1,Craniata
NC_014889.1,Craniata
NC_014893.1,Craniata
NC_015074.1,Craniata
NC_015076.1,Craniata
NC_015077.1,Craniata
NC_015078.1,Craniata
NC_003169.1,Craniata
NC_015081.1,Craniata
NC_015082.1,Craniata
NC_015085.1,Craniata
NC_015086.1,Craniata
NC_015087.1,Craniata
NC_015089.1,Craniata
NC_015090.1,Craniata
NC_015092.1,Craniata
NC_015094.1,Craniata
NC_015097.1,Craniata
NC_003171.1,Craniata
NC_015098.1,Craniata
NC_015100.1,Craniata
NC_015101.1,Craniata
NC_015102.1,Craniata
NC_015105.1,Craniata
NC_015107.1,Craniata
NC_015109.1,Craniata
NC_015112.1,Craniata
NC_015114.1,Craniata
NC_015120.1,Craniata
NC_003172.1,Craniata
NC_015142.1,Craniata
NC_015190.1,Craniata
NC_015191.1,Craniata
NC_015192.1,Craniata
NC_015193.1,Craniata
NC_015194.1,Craniata
NC_015195.1,Craniata
NC_015196.1,Craniata
NC_015197.1,Craniata
NC_015198.1,Craniata
NC_003173.1,Craniata
NC_015199.1,Craniata
NC_015200.1,Craniata
NC_015201.1,Craniata
NC_015202.1,Craniata
NC_015203.1,Craniata
NC_015205.1,Craniata
NC_015207.1,Craniata
NC_015232.1,Craniata
NC_015233.1,Craniata
NC_015234.1,Craniata
NC_003175.1,Craniata
NC_015235.1,Craniata
NC_015236.1,Craniata
NC_015237.1,Craniata
NC_015238.2,Craniata
NC_015239.1,Craniata
NC_015240.1,Craniata
NC_015241.1,Craniata
NC_015242.1,Craniata
NC_015243.1,Craniata
NC_015244.1,Craniata
NC_000877.1,Craniata
NC_003176.1,Craniata
NC_015246.1,Craniata
NC_015247.1,Craniata
NC_015305.1,Craniata
NC_015306.1,Craniata
NC_015307.1,Craniata
NC_015332.1,Craniata
NC_015336.1,Craniata
NC_015337.1,Craniata
NC_015339.1,Craniata
NC_015340.1,Craniata
NC_003177.1,Craniata
NC_015341.1,Craniata
NC_015343.1,Craniata
NC_015344.1,Craniata
NC_015345.1,Craniata
NC_015346.1,Craniata
NC_015347.1,Craniata
NC_015348.1,Craniata
NC_015349.1,Craniata
NC_015350.1,Craniata
NC_015351.1,Craniata
NC_003178.1,Craniata
NC_015352.1,Craniata
NC_015353.1,Craniata
NC_015354.1,Craniata
NC_015355.1,Craniata
NC_015356.1,Craniata
NC_015357.1,Craniata
NC_015358.1,Craniata
NC_015360.1,Craniata
NC_015361.1,Craniata
NC_015362.1,Craniata
NC_003179.1,Craniata
NC_015363.1,Craniata
NC_015364.1,Craniata
NC_015365.1,Craniata
NC_015366.1,Craniata
NC_015367.1,Craniata
NC_015368.1,Craniata
NC_015369.1,Craniata
NC_015370.1,Craniata
NC_015371.1,Craniata
NC_015372.1,Craniata
NC_003180.1,Craniata
NC_015482.1,Craniata
NC_015484.1,Craniata
NC_015485.1,Craniata
NC_015486.1,Craniata
NC_015525.1,Craniata
NC_015526.1,Craniata
NC_015527.1,Craniata
NC_015528.1,Craniata
NC_015529.1,Craniata
NC_015530.1,Craniata
NC_003181.1,Craniata
NC_015531.1,Craniata
NC_015532.1,Craniata
NC_015533.1,Craniata
NC_015534.1,Craniata
NC_015535.1,Craniata
NC_015536.1,Craniata
NC_015538.1,Craniata
NC_015539.1,Craniata
NC_015540.1,Craniata
NC_015541.1,Craniata
NC_003182.1,Craniata
NC_015542.1,Craniata
NC_015544.1,Craniata
NC_015545.1,Craniata
NC_015546.1,Craniata
NC_015547.1,Craniata
NC_015548.1,Craniata
NC_015549.1,Craniata
NC_015551.1,Craniata
NC_015611.1,Craniata
NC_015613.1,Craniata
NC_003183.1,Craniata
NC_015614.1,Craniata
NC_015615.1,Craniata
NC_015617.1,Craniata
NC_015618.1,Craniata
NC_015620.1,Craniata
NC_015625.1,Craniata
NC_015647.1,Craniata
NC_015648.1,Craniata
NC_015650.1,Craniata
NC_015651.1,Craniata
NC_003184.1,Craniata
NC_015652.1,Craniata
NC_015653.1,Craniata
NC_015654.1,Craniata
NC_015743.1,Craniata
NC_015745.1,Craniata
NC_015746.1,Craniata
NC_015747.1,Craniata
NC_015748.1,Craniata
NC_015749.1,Craniata
NC_015750.1,Craniata
NC_003185.1,Craniata
NC_015751.1,Craniata
NC_015752.1,Craniata
NC_015753.1,Craniata
NC_015754.1,Craniata
NC_015755.1,Craniata
NC_015786.1,Craniata
NC_015787.1,Craniata
NC_015788.1,Craniata
NC_015790.1,Craniata
NC_015791.1,Craniata
NC_000878.1,Craniata
NC_003186.1,Craniata
NC_015792.1,Craniata
NC_015793.1,Craniata
NC_015794.1,Craniata
NC_015795.1,Craniata
NC_015796.1,Craniata
NC_015797.1,Craniata
NC_015798.1,Craniata
NC_015801.1,Craniata
NC_015802.1,Craniata
NC_015805.1,Craniata
NC_003187.1,Craniata
NC_015806.1,Craniata
NC_015807.1,Craniata
NC_015808.1,Craniata
NC_015809.1,Craniata
NC_015810.1,Craniata
NC_015811.1,Craniata
NC_015812.1,Craniata
NC_015813.1,Craniata
NC_015815.1,Craniata
NC_015816.1,Craniata
NC_003188.1,Craniata
NC_015819.1,Craniata
NC_015822.1,Craniata
NC_015823.1,Craniata
NC_015824.1,Craniata
NC_015825.1,Craniata
NC_015827.1,Craniata
NC_015828.1,Craniata
NC_015833.1,Craniata
NC_015834.1,Craniata
NC_015836.1,Craniata
NC_003189.1,Craniata
NC_015837.1,Craniata
NC_015838.1,Craniata
NC_015839.1,Craniata
NC_015840.1,Craniata
NC_015841.1,Craniata
NC_015887.1,Craniata
NC_015888.1,Craniata
NC_015889.1,Craniata
NC_015897.1,Craniata
NC_015898.1,Craniata
NC_003190.1,Craniata
NC_015984.2,Craniata
NC_015986.1,Craniata
NC_015987.1,Craniata
NC_015989.1,Craniata
NC_015992.1,Craniata
NC_015995.1,Craniata
NC_016008.1,Craniata
NC_016020.1,Craniata
NC_016055.1,Craniata
NC_016059.1,Craniata
NC_003191.1,Craniata
NC_016060.1,Craniata
NC_016061.1,Craniata
NC_016119.1,Craniata
NC_016178.1,Craniata
NC_016189.1,Craniata
NC_016191.1,Craniata
NC_016194.1,Craniata
NC_016195.1,Craniata
NC_016420.1,Craniata
NC_016421.1,Craniata
NC_003192.1,Craniata
NC_016422.1,Craniata
NC_016424.1,Craniata
NC_016426.1,Craniata
NC_016427.1,Craniata
NC_016428.1,Craniata
NC_016429.1,Craniata
NC_016470.1,Craniata
NC_016661.1,Craniata
NC_016662.1,Craniata
NC_016663.1,Craniata
NC_003193.1,Craniata
NC_016664.1,Craniata
NC_016667.1,Craniata
NC_016669.1,Craniata
NC_016671.1,Craniata
NC_016672.1,Craniata
NC_016673.1,Craniata
NC_016674.1,Craniata
NC_016678.1,Craniata
NC_016679.1,Craniata
NC_016682.1,Craniata
NC_003194.1,Craniata
NC_016683.1,Craniata
NC_016685.1,Craniata
NC_016686.1,Craniata
NC_016688.1,Craniata
NC_016689.1,Craniata
NC_016691.1,Craniata
NC_016693.1,Craniata
NC_016694.1,Craniata
NC_016695.1,Craniata
NC_016698.1,Craniata
NC_003195.1,Craniata
NC_016700.1,Craniata
NC_016701.1,Craniata
NC_016702.1,Craniata
NC_016705.1,Craniata
NC_016706.1,Craniata
NC_016707.1,Craniata
NC_016709.1,Craniata
NC_016710.1,Craniata
NC_016714.1,Craniata
NC_016715.1,Craniata
NC_000879.1,Craniata
NC_003196.1,Craniata
NC_016717.1,Craniata
NC_016719.1,Craniata
NC_016721.1,Craniata
NC_016723.1,Craniata
NC_016725.1,Craniata
NC_016726.1,Craniata
NC_016755.1,Craniata
NC_016867.1,Craniata
NC_016868.1,Craniata
NC_016869.1,Craniata
NC_003290.1,Craniata
NC_016870.1,Craniata
NC_016871.1,Craniata
NC_016872.1,Craniata
NC_016873.1,Craniata
NC_016892.1,Craniata
NC_016920.1,Craniata
NC_016922.1,Craniata
NC_016923.1,Craniata
NC_016951.1,Craniata
NC_016987.1,Craniata
NC_003314.1,Craniata
NC_017599.1,Craniata
NC_017601.1,Craniata
NC_017603.1,Craniata
NC_017604.1,Craniata
NC_017606.1,Craniata
NC_017607.1,Craniata
NC_017608.1,Craniata
NC_017610.1,Craniata
NC_017611.1,Craniata
NC_017614.1,Craniata
NC_003321.1,Craniata
NC_017838.1,Craniata
NC_017870.1,Craniata
NC_017871.1,Craniata
NC_017873.1,Craniata
NC_017875.1,Craniata
NC_017876.1,Craniata
NC_017878.1,Craniata
NC_017879.1,Craniata
NC_017880.1,Craniata
NC_017881.1,Craniata
NC_003322.1,Craniata
NC_017882.1,Craniata
NC_017883.1,Craniata
NC_017884.1,Craniata
NC_017885.1,Craniata
NC_017887.1,Craniata
NC_017888.1,Craniata
NC_017889.1,Craniata
NC_017890.1,Craniata
NC_017891.1,Craniata
NC_017892.1,Craniata
NC_003342.1,Craniata
NC_017893.1,Craniata
NC_017895.1,Craniata
NC_017897.1,Craniata
NC_017898.1,Craniata
NC_017900.1,Craniata
NC_017901.1,Craniata
NC_017902.2,Craniata
NC_018032.1,Craniata
NC_018033.1,Craniata
NC_018034.1,Craniata
NC_003408.1,Craniata
NC_018035.1,Craniata
NC_018036.1,Craniata
NC_018037.1,Craniata
NC_018038.1,Craniata
NC_018039.1,Craniata
NC_018043.1,Craniata
NC_018045.1,Craniata
NC_018050.1,Craniata
NC_018052.1,Craniata
NC_018053.1,Craniata
NC_003426.1,Craniata
NC_018054.1,Craniata
NC_018057.1,Craniata
NC_018058.1,Craniata
NC_018059.1,Craniata
NC_018060.1,Craniata
NC_018061.1,Craniata
NC_018062.1,Craniata
NC_018063.1,Craniata
NC_018064.1,Craniata
NC_018096.1,Craniata
NC_003427.1,Craniata
NC_018098.1,Craniata
NC_018099.1,Craniata
NC_018115.1,Craniata
NC_018116.1,Craniata
NC_018119.1,Craniata
NC_018134.1,Craniata
NC_018135.1,Craniata
NC_018340.1,Craniata
NC_018341.1,Craniata
NC_018342.1,Craniata
NC_003428.1,Craniata
NC_018347.1,Craniata
NC_018358.1,Craniata
NC_018366.1,Craniata
NC_018367.1,Craniata
NC_018368.1,Craniata
NC_018534.1,Craniata
NC_018535.1,Craniata
NC_018539.1,Craniata
NC_018540.1,Craniata
NC_018546.1,Craniata
NC_000880.1,Craniata
NC_003489.1,Craniata
NC_018548.1,Craniata
NC_018550.1,Craniata
NC_018553.1,Craniata
NC_018555.1,Craniata
NC_018556.1,Craniata
NC_018557.1,Craniata
NC_018558.1,Craniata
NC_018559.1,Craniata
NC_018560.1,Craniata
NC_018561.1,Craniata
NC_003712.2,Craniata
NC_018562.1,Craniata
NC_018563.1,Craniata
NC_018564.1,Craniata
NC_018566.1,Craniata
NC_018567.1,Craniata
NC_018595.1,Craniata
NC_018598.1,Craniata
NC_018600.1,Craniata
NC_018601.1,Craniata
NC_018603.1,Craniata
NC_003713.2,Craniata
NC_018753.1,Craniata
NC_018755.1,Craniata
NC_018764.1,Craniata
NC_018768.1,Craniata
NC_018769.1,Craniata
NC_018770.1,Craniata
NC_018771.1,Craniata
NC_018773.1,Craniata
NC_018774.1,Craniata
NC_018775.1,Craniata
NC_004021.1,Craniata
NC_018776.1,Craniata
NC_018777.1,Craniata
NC_018780.1,Craniata
NC_018781.1,Craniata
NC_018782.1,Craniata
NC_018783.1,Craniata
NC_018784.1,Craniata
NC_018785.1,Craniata
NC_018786.1,Craniata
NC_018788.1,Craniata
NC_004023.1,Craniata
NC_018789.1,Craniata
NC_018791.1,Craniata
NC_018793.1,Craniata
NC_018794.1,Craniata
NC_018795.1,Craniata
NC_018796.1,Craniata
NC_018797.1,Craniata
NC_018798.1,Craniata
NC_018799.1,Craniata
NC_018800.1,Craniata
NC_004025.1,Craniata
NC_018801.1,Craniata
NC_018802.1,Craniata
NC_018803.1,Craniata
NC_018804.1,Craniata
NC_018805.1,Craniata
NC_018806.1,Craniata
NC_018807.1,Craniata
NC_018808.1,Craniata
NC_018809.1,Craniata
NC_018810.1,Craniata
NC_004026.1,Craniata
NC_018811.1,Craniata
NC_018812.1,Craniata
NC_018813.1,Craniata
NC_018814.1,Craniata
NC_018815.1,Craniata
NC_018816.1,Craniata
NC_018817.1,Craniata
NC_018818.1,Craniata
NC_018819.1,Craniata
NC_018820.1,Craniata
NC_004027.1,Craniata
NC_018821.1,Craniata
NC_018822.1,Craniata
NC_018823.1,Craniata
NC_018824.1,Craniata
NC_018825.1,Craniata
NC_018826.1,Craniata
NC_018827.1,Craniata
NC_018865.1,Craniata
NC_019441.1,Craniata
NC_019572.1,Craniata
NC_004028.1,Craniata
NC_019574.1,Craniata
NC_019575.1,Craniata
NC_019577.1,Craniata
NC_019578.2,Craniata
NC_019579.1,Craniata
NC_019580.1,Craniata
NC_019581.1,Craniata
NC_019582.1,Craniata
NC_019583.1,Craniata
NC_019584.1,Craniata
NC_004029.2,Craniata
NC_019585.1,Craniata
NC_019586.1,Craniata
NC_019587.1,Craniata
NC_019588.1,Craniata
NC_019589.1,Craniata
NC_019590.1,Craniata
NC_019591.1,Craniata
NC_019592.1,Craniata
NC_019596.1,Craniata
NC_019604.1,Craniata
NC_000884.1,Craniata
NC_004030.2,Craniata
NC_019605.1,Craniata
NC_019612.1,Craniata
NC_019614.1,Craniata
NC_019615.1,Craniata
NC_019617.1,Craniata
NC_019620.1,Craniata
NC_019621.1,Craniata
NC_019624.1,Craniata
NC_019625.1,Craniata
NC_019626.1,Craniata
NC_004031.1,Craniata
NC_019629.1,Craniata
NC_019630.1,Craniata
NC_019641.1,Craniata
NC_019643.1,Craniata
NC_019644.1,Craniata
NC_019646.1,Craniata
NC_019647.1,Craniata
NC_019652.1,Craniata
NC_019664.1,Craniata
NC_019665.1,Craniata
NC_004032.1,Craniata
NC_019666.1,Craniata
NC_019667.1,Craniata
NC_019668.1,Craniata
NC_019799.1,Craniata
NC_019800.1,Craniata
NC_019801.1,Craniata
NC_019802.1,Craniata
NC_019804.1,Craniata
NC_019811.1,Craniata
NC_019995.1,Craniata
NC_004069.1,Craniata
NC_019997.1,Craniata
NC_019998.1,Craniata
NC_019999.1,Craniata
NC_020000.1,Craniata
NC_020001.1,Craniata
NC_020002.1,Craniata
NC_020005.1,Craniata
NC_020006.2,Craniata
NC_020007.2,Craniata
NC_020008.2,Craniata
NC_004299.1,Craniata
NC_020009.2,Craniata
NC_020010.2,Craniata
NC_020012.1,Craniata
NC_020013.1,Craniata
NC_020016.1,Craniata
NC_020017.1,Craniata
NC_020032.1,Craniata
NC_020038.1,Craniata
NC_020039.1,Craniata
NC_020041.1,Craniata
NC_004372.1,Craniata
NC_020042.1,Craniata
NC_020044.1,Craniata
NC_020046.1,Craniata
NC_020047.1,Craniata
NC_020048.1,Craniata
NC_020093.1,Craniata
NC_020095.1,Craniata
NC_020096.1,Craniata
NC_020097.1,Craniata
NC_020136.1,Craniata
NC_004373.1,Craniata
NC_020137.1,Craniata
NC_020138.1,Craniata
NC_020139.1,Craniata
NC_020140.1,Craniata
NC_020141.1,Craniata
NC_020142.1,Craniata
NC_020145.1,Craniata
NC_020149.1,Craniata
NC_020150.1,Craniata
NC_020151.1,Craniata
NC_004374.1,Craniata
NC_020154.1,Craniata
NC_020155.1,Craniata
NC_020325.1,Craniata
NC_020326.1,Craniata
NC_020327.1,Craniata
NC_020336.1,Craniata
NC_020337.1,Craniata
NC_020338.1,Craniata
NC_020339.1,Craniata
NC_020340.1,Craniata
NC_004375.1,Craniata
NC_020344.1,Craniata
NC_020345.1,Craniata
NC_020346.1,Craniata
NC_020347.1,Craniata
NC_020349.1,Craniata
NC_020350.1,Craniata
NC_020352.2,Craniata
NC_020355.1,Craniata
NC_020356.1,Craniata
NC_020357.1,Craniata
NC_004376.1,Craniata
NC_020358.1,Craniata
NC_020359.1,Craniata
NC_020360.1,Craniata
NC_020423.1,Craniata
NC_020424.1,Craniata
NC_020425.1,Craniata
NC_020426.1,Craniata
NC_020427.1,Craniata
NC_020429.1,Craniata
NC_020432.2,Craniata
NC_000886.1,Craniata
NC_004377.1,Craniata
NC_020433.1,Craniata
NC_020435.1,Craniata
NC_020436.1,Craniata
NC_020461.1,Craniata
NC_020462.1,Craniata
NC_020464.1,Craniata
NC_020465.1,Craniata
NC_020466.1,Craniata
NC_020467.1,Craniata
NC_020468.1,Craniata
NC_004378.1,Craniata
NC_020476.1,Craniata
NC_020569.1,Craniata
NC_020570.1,Craniata
NC_020571.1,Craniata
NC_020572.1,Craniata
NC_020573.1,Craniata
NC_020574.1,Craniata
NC_020575.1,Craniata
NC_020576.1,Craniata
NC_020577.1,Craniata
NC_004379.1,Craniata
NC_020578.1,Craniata
NC_020579.1,Craniata
NC_020580.1,Craniata
NC_020581.1,Craniata
NC_020582.1,Craniata
NC_020583.1,Craniata
NC_020584.1,Craniata
NC_020585.1,Craniata
NC_020586.1,Craniata
NC_020587.1,Craniata
NC_004380.1,Craniata
NC_020588.1,Craniata
NC_020589.1,Craniata
NC_020590.1,Craniata
NC_020591.1,Craniata
NC_020592.1,Craniata
NC_020593.1,Craniata
NC_020594.1,Craniata
NC_020595.1,Craniata
NC_020596.1,Craniata
NC_020597.1,Craniata
NC_004381.1,Craniata
NC_020598.1,Craniata
NC_020599.1,Craniata
NC_020600.1,Craniata
NC_020601.1,Craniata
NC_020602.1,Craniata
NC_020603.1,Craniata
NC_020604.1,Craniata
NC_020605.1,Craniata
NC_020606.1,Craniata
NC_020608.1,Craniata
NC_004382.1,Craniata
NC_020610.1,Craniata
NC_020611.1,Craniata
NC_020613.1,Craniata
NC_020614.1,Craniata
NC_020615.1,Craniata
NC_020616.1,Craniata
NC_020617.1,Craniata
NC_020618.1,Craniata
NC_020619.1,Craniata
NC_020620.1,Craniata
NC_004383.1,Craniata
NC_020621.1,Craniata
NC_020622.1,Craniata
NC_020623.1,Craniata
NC_020624.1,Craniata
NC_020625.1,Craniata
NC_020626.1,Craniata
NC_020627.1,Craniata
NC_020628.1,Craniata
NC_020629.1,Craniata
NC_020630.1,Craniata
NC_004384.1,Craniata
NC_020631.1,Craniata
NC_020632.1,Craniata
NC_020633.1,Craniata
NC_020634.1,Craniata
NC_020635.1,Craniata
NC_020637.1,Craniata
NC_020638.1,Craniata
NC_020639.1,Craniata
NC_020640.1,Craniata
NC_020641.1,Craniata
NC_004385.1,Craniata
NC_020642.1,Craniata
NC_020643.1,Craniata
NC_020644.1,Craniata
NC_020645.1,Craniata
NC_020646.1,Craniata
NC_020647.1,Craniata
NC_020648.1,Craniata
NC_020649.1,Craniata
NC_020650.1,Craniata
NC_020651.1,Craniata
NC_004386.1,Craniata
NC_020652.1,Craniata
NC_020653.1,Craniata
NC_020654.1,Craniata
NC_020655.1,Craniata
NC_020656.1,Craniata
NC_020657.1,Craniata
NC_020658.1,Craniata
NC_020659.1,Craniata
NC_020660.1,Craniata
NC_020661.1,Craniata
NC_000888.1,Craniata
NC_004387.1,Craniata
NC_020664.1,Craniata
NC_020665.1,Craniata
NC_020666.1,Craniata
NC_020667.1,Craniata
NC_020668.1,Craniata
NC_020669.1,Craniata
NC_020670.1,Craniata
NC_020671.1,Craniata
NC_020672.1,Craniata
NC_020673.1,Craniata
NC_004388.1,Craniata
NC_020674.1,Craniata
NC_020675.1,Craniata
NC_020676.1,Craniata
NC_020677.1,Craniata
NC_020678.1,Craniata
NC_020679.1,Craniata
NC_020680.1,Craniata
NC_020681.1,Craniata
NC_020682.1,Craniata
NC_020683.1,Craniata
NC_004389.1,Craniata
NC_020684.1,Craniata
NC_020685.1,Craniata
NC_020686.1,Craniata
NC_020687.1,Craniata
NC_020688.1,Craniata
NC_020689.1,Craniata
NC_020690.1,Craniata
NC_020691.1,Craniata
NC_020692.1,Craniata
NC_020693.1,Craniata
NC_004390.1,Craniata
NC_020694.1,Craniata
NC_020695.1,Craniata
NC_020696.1,Craniata
NC_020697.1,Craniata
NC_020698.1,Craniata
NC_020699.1,Craniata
NC_020700.1,Craniata
NC_020701.1,Craniata
NC_020702.1,Craniata
NC_020703.1,Craniata
NC_004391.1,Craniata
NC_020704.1,Craniata
NC_020705.1,Craniata
NC_020706.1,Craniata
NC_020707.1,Craniata
NC_020708.1,Craniata
NC_020709.1,Craniata
NC_020710.1,Craniata
NC_020711.1,Craniata
NC_020712.1,Craniata
NC_020713.1,Craniata
NC_004392.1,Craniata
NC_020714.1,Craniata
NC_020715.1,Craniata
NC_020716.1,Craniata
NC_020717.1,Craniata
NC_020718.1,Craniata
NC_020719.1,Craniata
NC_020720.1,Craniata
NC_020721.1,Craniata
NC_020722.1,Craniata
NC_020723.1,Craniata
NC_004393.1,Craniata
NC_020724.1,Craniata
NC_020725.1,Craniata
NC_020726.1,Craniata
NC_020727.1,Craniata
NC_020728.1,Craniata
NC_020729.1,Craniata
NC_020730.1,Craniata
NC_020731.1,Craniata
NC_020732.1,Craniata
NC_020733.1,Craniata
NC_004394.1,Craniata
NC_020734.1,Craniata
NC_020735.1,Craniata
NC_020736.1,Craniata
NC_020737.1,Craniata
NC_020738.1,Craniata
NC_020739.1,Craniata
NC_020740.1,Craniata
NC_020741.1,Craniata
NC_020742.1,Craniata
NC_020743.1,Craniata
NC_004395.1,Craniata
NC_020744.1,Craniata
NC_020745.1,Craniata
NC_020746.1,Craniata
NC_020747.1,Craniata
NC_020748.1,Craniata
NC_020749.1,Craniata
NC_020750.1,Craniata
NC_020751.1,Craniata
NC_020752.1,Craniata
NC_020753.1,Craniata
NC_004396.1,Craniata
NC_020754.1,Craniata
NC_020755.1,Craniata
NC_020756.1,Craniata
NC_020757.1,Craniata
NC_020758.1,Craniata
NC_020759.1,Craniata
NC_020761.1,Craniata
NC_020762.1,Craniata
NC_020763.1,Craniata
NC_020764.1,Craniata
NC_000889.1,Craniata
NC_004397.1,Craniata
NC_020765.1,Craniata
NC_020766.1,Craniata
NC_020767.1,Craniata
NC_020781.1,Craniata
NC_020782.1,Craniata
NC_020783.1,Craniata
NC_020784.1,Craniata
NC_020785.1,Craniata
NC_020786.1,Craniata
NC_020788.1,Craniata
NC_004398.1,Craniata
NC_020789.1,Craniata
NC_020791.1,Craniata
NC_020792.1,Craniata
NC_020793.1,Craniata
NC_020794.1,Craniata
NC_021001.1,Craniata
NC_021105.1,Craniata
NC_021106.1,Craniata
NC_021107.1,Craniata
NC_021119.1,Craniata
NC_004399.1,Craniata
NC_021122.1,Craniata
NC_021129.1,Craniata
NC_021130.1,Craniata
NC_021131.1,Craniata
NC_021132.1,Craniata
NC_021133.1,Craniata
NC_021134.1,Craniata
NC_021136.1,Craniata
NC_021137.1,Craniata
NC_021368.1,Craniata
NC_004400.1,Craniata
NC_021369.1,Craniata
NC_021371.1,Craniata
NC_021374.1,Craniata
NC_021376.1,Craniata
NC_021377.1,Craniata
NC_021381.1,Craniata
NC_021385.1,Craniata
NC_021386.1,Craniata
NC_021387.1,Craniata
NC_021390.1,Craniata
NC_004401.1,Craniata
NC_021391.1,Craniata
NC_021392.1,Craniata
NC_021393.1,Craniata
NC_021394.1,Craniata
NC_021395.1,Craniata
NC_021398.1,Craniata
NC_021402.1,Craniata
NC_021405.1,Craniata
NC_021407.1,Craniata
NC_021408.1,Craniata
NC_004402.1,Craniata
NC_021409.1,Craniata
NC_021412.1,Craniata
NC_021414.1,Craniata
NC_021418.1,Craniata
NC_021419.1,Craniata
NC_021420.1,Craniata
NC_021421.1,Craniata
NC_021434.1,Craniata
NC_021435.1,Craniata
NC_021442.1,Craniata
NC_004403.1,Craniata
NC_021443.1,Craniata
NC_021444.1,Craniata
NC_021445.1,Craniata
NC_021446.1,Craniata
NC_021447.1,Craniata
NC_021448.1,Craniata
NC_021450.1,Craniata
NC_021451.1,Craniata
NC_021453.1,Craniata
NC_021454.1,Craniata
NC_004404.1,Craniata
NC_021459.1,Craniata
NC_021460.1,Craniata
NC_021461.1,Craniata
NC_021462.1,Craniata
NC_021473.1,Craniata
NC_021474.1,Craniata
NC_021476.1,Craniata
NC_021477.1,Craniata
NC_021478.1,Craniata
NC_021479.1,Craniata
NC_004405.1,Craniata
NC_021596.1,Craniata
NC_021597.1,Craniata
NC_021598.1,Craniata
NC_021600.1,Craniata
NC_021601.1,Craniata
NC_021602.1,Craniata
NC_021603.1,Craniata
NC_021604.1,Craniata
NC_021605.1,Craniata
NC_021606.1,Craniata
NC_004406.1,Craniata
NC_021607.1,Craniata
NC_021608.1,Craniata
NC_021612.1,Craniata
NC_021613.1,Craniata
NC_021614.1,Craniata
NC_021615.1,Craniata
NC_021616.1,Craniata
NC_021619.1,Craniata
NC_021620.1,Craniata
NC_021621.1,Craniata
NC_000890.1,Craniata
NC_004407.1,Craniata
NC_021641.1,Craniata
NC_021644.1,Craniata
NC_021651.1,Craniata
NC_021749.1,Craniata
NC_021751.1,Craniata
NC_021752.1,Craniata
NC_021755.1,Craniata
NC_021757.1,Craniata
NC_021758.1,Craniata
NC_021759.1,Craniata
NC_004408.1,Craniata
NC_021763.1,Craniata
NC_021764.1,Craniata
NC_021765.1,Craniata
NC_021766.1,Craniata
NC_021767.1,Craniata
NC_021768.2,Craniata
NC_021769.1,Craniata
NC_021771.1,Craniata
NC_021935.1,Craniata
NC_021937.1,Craniata
NC_004409.1,Craniata
NC_021938.1,Craniata
NC_021939.1,Craniata
NC_021940.1,Craniata
NC_021941.1,Craniata
NC_021942.1,Craniata
NC_021943.1,Craniata
NC_021944.1,Craniata
NC_021945.1,Craniata
NC_021946.1,Craniata
NC_021947.1,Craniata
NC_004410.1,Craniata
NC_021948.1,Craniata
NC_021949.1,Craniata
NC_021950.1,Craniata
NC_021951.1,Craniata
NC_021952.1,Craniata
NC_021953.1,Craniata
NC_021954.1,Craniata
NC_021955.1,Craniata
NC_021956.1,Craniata
NC_021957.1,Craniata
NC_004411.1,Craniata
NC_021958.1,Craniata
NC_021959.1,Craniata
NC_021960.1,Craniata
NC_021961.1,Craniata
NC_021963.1,Craniata
NC_021964.1,Craniata
NC_021965.1,Craniata
NC_021966.1,Craniata
NC_021967.1,Craniata
NC_021968.1,Craniata
NC_004412.1,Craniata
NC_021969.1,Craniata
NC_021972.1,Craniata
NC_021973.1,Craniata
NC_021974.1,Craniata
NC_022138.1,Craniata
NC_022139.1,Craniata
NC_022140.1,Craniata
NC_022141.1,Craniata
NC_022142.1,Craniata
NC_022143.1,Craniata
NC_004413.1,Craniata
NC_022145.1,Craniata
NC_022146.1,Craniata
NC_022147.1,Craniata
NC_022148.1,Craniata
NC_022149.1,Craniata
NC_022150.1,Craniata
NC_022177.1,Craniata
NC_022181.1,Craniata
NC_022182.1,Craniata
NC_022183.1,Craniata
NC_004414.1,Craniata
NC_022184.1,Craniata
NC_022186.1,Craniata
NC_022187.1,Craniata
NC_022188.1,Craniata
NC_022189.1,Craniata
NC_022190.1,Craniata
NC_022191.1,Craniata
NC_022192.1,Craniata
NC_022193.1,Craniata
NC_022415.1,Craniata
NC_004415.1,Craniata
NC_022418.1,Craniata
NC_022419.1,Craniata
NC_022420.1,Craniata
NC_022421.1,Craniata
NC_022422.1,Craniata
NC_022423.1,Craniata
NC_022424.1,Craniata
NC_022425.1,Craniata
NC_022426.1,Craniata
NC_022427.1,Craniata
NC_004416.1,Craniata
NC_022428.1,Craniata
NC_022429.1,Craniata
NC_022430.1,Craniata
NC_022445.1,Craniata
NC_022446.1,Craniata
NC_022447.1,Craniata
NC_022452.1,Craniata
NC_022453.1,Craniata
NC_022455.1,Craniata
NC_022456.1,Craniata
NC_000891.1,Craniata
NC_004417.1,Craniata
NC_022458.1,Craniata
NC_022464.1,Craniata
NC_022465.1,Craniata
NC_022473.1,Craniata
NC_022474.1,Craniata
NC_022475.1,Craniata
NC_022477.1,Craniata
NC_022478.1,Craniata
NC_022479.1,Craniata
NC_022480.1,Craniata
NC_004418.1,Craniata
NC_022481.1,Craniata
NC_022482.1,Craniata
NC_022483.1,Craniata
NC_022484.1,Craniata
NC_022485.1,Craniata
NC_022486.1,Craniata
NC_022487.1,Craniata
NC_022488.1,Craniata
NC_022489.1,Craniata
NC_022490.1,Craniata
NC_004419.1,Craniata
NC_022491.1,Craniata
NC_022492.1,Craniata
NC_022493.1,Craniata
NC_022494.1,Craniata
NC_022495.1,Craniata
NC_022496.1,Craniata
NC_022497.1,Craniata
NC_022498.1,Craniata
NC_022499.1,Craniata
NC_022500.1,Craniata
NC_004420.1,Craniata
NC_022501.1,Craniata
NC_022502.1,Craniata
NC_022503.1,Craniata
NC_022504.1,Craniata
NC_022505.1,Craniata
NC_022506.1,Craniata
NC_022507.1,Craniata
NC_022508.1,Craniata
NC_022509.1,Craniata
NC_022510.1,Craniata
NC_004448.1,Craniata
NC_022511.1,Craniata
NC_022512.1,Craniata
NC_022678.1,Craniata
NC_022679.1,Craniata
NC_022683.1,Craniata
NC_022684.1,Craniata
NC_022690.1,Craniata
NC_022691.1,Craniata
NC_022692.1,Craniata
NC_022694.1,Craniata
NC_004449.1,Craniata
NC_022695.1,Craniata
NC_022696.1,Craniata
NC_022698.1,Craniata
NC_022700.1,Craniata
NC_022702.1,Craniata
NC_022703.1,Craniata
NC_022704.1,Craniata
NC_022705.1,Craniata
NC_022706.1,Craniata
NC_022707.1,Craniata
NC_004530.1,Craniata
NC_022711.1,Craniata
NC_022712.1,Craniata
NC_022713.1,Craniata
NC_022717.1,Craniata
NC_022718.1,Craniata
NC_022719.1,Craniata
NC_022720.1,Craniata
NC_022721.1,Craniata
NC_022722.1,Craniata
NC_022723.1,Craniata
NC_004538.1,Craniata
NC_022724.1,Craniata
NC_022725.1,Craniata
NC_022726.1,Craniata
NC_022728.1,Craniata
NC_022729.1,Craniata
NC_022730.1,Craniata
NC_022731.1,Craniata
NC_022732.1,Craniata
NC_022733.1,Craniata
NC_022734.1,Craniata
NC_004539.1,Craniata
NC_022735.1,Craniata
NC_022805.1,Craniata
NC_022815.1,Craniata
NC_022817.1,Craniata
NC_022818.1,Craniata
NC_022819.1,Craniata
NC_022820.1,Craniata
NC_022821.1,Craniata
NC_022822.1,Craniata
NC_022836.1,Craniata
NC_004563.1,Craniata
NC_022837.1,Craniata
NC_022838.1,Craniata
NC_022839.1,Craniata
NC_022840.1,Craniata
NC_022841.1,Craniata
NC_022842.1,Craniata
NC_022844.1,Craniata
NC_022845.1,Craniata
NC_022848.1,Craniata
NC_022851.1,Craniata
NC_000893.1,Craniata
NC_004575.1,Craniata
NC_022852.1,Craniata
NC_022854.1,Craniata
NC_022855.1,Craniata
NC_022856.1,Craniata
NC_022857.1,Craniata
NC_022858.1,Craniata
NC_022866.1,Craniata
NC_022867.1,Craniata
NC_022869.1,Craniata
NC_022870.1,Craniata
NC_004577.1,Craniata
NC_022871.1,Craniata
NC_022872.1,Craniata
NC_022923.1,Craniata
NC_022925.1,Craniata
NC_022929.1,Craniata
NC_022930.1,Craniata
NC_022931.1,Craniata
NC_022932.1,Craniata
NC_022934.1,Craniata
NC_022940.1,Craniata
NC_004590.1,Craniata
NC_022941.1,Craniata
NC_022942.1,Craniata
NC_022943.1,Craniata
NC_022944.1,Craniata
NC_022945.1,Craniata
NC_022946.1,Craniata
NC_022947.1,Craniata
NC_022948.1,Craniata
NC_022949.1,Craniata
NC_022950.1,Craniata
NC_004591.1,Craniata
NC_022951.1,Craniata
NC_022952.1,Craniata
NC_022953.1,Craniata
NC_022954.1,Craniata
NC_022955.1,Craniata
NC_022956.1,Craniata
NC_022960.1,Craniata
NC_023089.1,Craniata
NC_023100.1,Craniata
NC_023101.1,Craniata
NC_004592.1,Craniata
NC_023105.1,Craniata
NC_023106.1,Craniata
NC_023116.1,Craniata
NC_023122.1,Craniata
NC_023129.1,Craniata
NC_023210.1,Craniata
NC_023211.1,Craniata
NC_023220.1,Craniata
NC_023221.1,Craniata
NC_023222.1,Craniata
NC_004593.1,Craniata
NC_023223.1,Craniata
NC_023224.1,Craniata
NC_023225.1,Craniata
NC_023226.1,Craniata
NC_023227.1,Craniata
NC_023228.1,Craniata
NC_023229.1,Craniata
NC_023230.1,Craniata
NC_023231.1,Craniata
NC_023244.1,Craniata
NC_004594.1,Craniata
NC_023258.1,Craniata
NC_023263.1,Craniata
NC_023264.1,Craniata
NC_023265.1,Craniata
NC_023266.1,Craniata
NC_023267.1,Craniata
NC_023269.1,Craniata
NC_023272.1,Craniata
NC_023336.1,Craniata
NC_023341.1,Craniata
NC_004595.1,Craniata
NC_023342.1,Craniata
NC_023347.1,Craniata
NC_023351.1,Craniata
NC_023352.1,Craniata
NC_023353.1,Craniata
NC_023361.1,Craniata
NC_023365.1,Craniata
NC_023366.1,Craniata
NC_023368.1,Craniata
NC_023375.1,Craniata
NC_004596.1,Craniata
NC_023376.1,Craniata
NC_023378.1,Craniata
NC_023379.1,Craniata
NC_023380.1,Craniata
NC_023381.1,Craniata
NC_023382.1,Craniata
NC_023383.1,Craniata
NC_023446.1,Craniata
NC_023447.1,Craniata
NC_023448.1,Craniata
NC_004597.1,Craniata
NC_023455.1,Craniata
NC_023456.1,Craniata
NC_023457.1,Craniata
NC_023458.1,Craniata
NC_023459.1,Craniata
NC_023461.1,Craniata
NC_023466.1,Craniata
NC_023468.1,Craniata
NC_023470.1,Craniata
NC_023472.1,Craniata
NC_000934.1,Craniata
NC_004598.1,Craniata
NC_023473.1,Craniata
NC_023475.1,Craniata
NC_023505.2,Craniata
NC_023507.1,Craniata
NC_023508.1,Craniata
NC_023509.1,Craniata
NC_023510.1,Craniata
NC_023511.1,Craniata
NC_023512.1,Craniata
NC_023513.1,Craniata
NC_004599.1,Craniata
NC_023514.1,Craniata
NC_023515.1,Craniata
NC_023516.1,Craniata
NC_023517.1,Craniata
NC_023518.1,Craniata
NC_023519.1,Craniata
NC_023520.1,Craniata
NC_023521.1,Craniata
NC_023522.1,Craniata
NC_023524.1,Craniata
NC_004600.1,Craniata
NC_023525.1,Craniata
NC_023526.1,Craniata
NC_023527.1,Craniata
NC_023528.1,Craniata
NC_023529.1,Craniata
NC_023531.1,Craniata
NC_023534.1,Craniata
NC_023536.1,Craniata
NC_023538.1,Craniata
NC_023539.1,Craniata
NC_004692.1,Craniata
NC_023541.1,Craniata
NC_023542.1,Craniata
NC_023543.1,Craniata
NC_023768.1,Craniata
NC_023769.1,Craniata
NC_023777.1,Craniata
NC_023779.1,Craniata
NC_023780.1,Craniata
NC_023781.1,Craniata
NC_023786.1,Craniata
NC_004693.1,Craniata
NC_023787.1,Craniata
NC_023788.1,Craniata
NC_023789.1,Craniata
NC_023793.1,Craniata
NC_023795.1,Craniata
NC_023797.1,Craniata
NC_023799.1,Craniata
NC_023802.1,Craniata
NC_023803.1,Craniata
NC_023804.1,Craniata
NC_004694.1,Craniata
NC_023807.1,Craniata
NC_023808.1,Craniata
NC_023824.1,Craniata
NC_023826.1,Craniata
NC_023827.1,Craniata
NC_023828.1,Craniata
NC_023829.1,Craniata
NC_023830.1,Craniata
NC_023832.1,Craniata
NC_023837.1,Craniata
NC_004695.1,Craniata
NC_023838.1,Craniata
NC_023889.1,Craniata
NC_023890.1,Craniata
NC_023922.1,Craniata
NC_023923.1,Craniata
NC_023924.1,Craniata
NC_023939.1,Craniata
NC_023940.1,Craniata
NC_023941.1,Craniata
NC_023944.1,Craniata
NC_004696.1,Craniata
NC_023946.1,Craniata
NC_023947.1,Craniata
NC_023948.1,Craniata
NC_023949.1,Craniata
NC_023950.1,Craniata
NC_023951.1,Craniata
NC_023952.1,Craniata
NC_023954.1,Craniata
NC_023958.1,Craniata
NC_023960.1,Craniata
NC_004697.1,Craniata
NC_023961.1,Craniata
NC_023962.1,Craniata
NC_023963.1,Craniata
NC_023964.1,Craniata
NC_023965.1,Craniata
NC_023966.1,Craniata
NC_023967.1,Craniata
NC_023968.1,Craniata
NC_023969.1,Craniata
NC_023970.1,Craniata
NC_004698.1,Craniata
NC_023971.1,Craniata
NC_023972.1,Craniata
NC_023973.1,Craniata
NC_023974.1,Craniata
NC_023975.1,Craniata
NC_023976.1,Craniata
NC_023977.1,Craniata
NC_023979.1,Craniata
NC_023980.1,Craniata
NC_023981.1,Craniata
NC_001131.1,Craniata
NC_004699.1,Craniata
NC_023982.1,Craniata
NC_024026.1,Craniata
NC_024030.1,Craniata
NC_024032.1,Craniata
NC_024039.1,Craniata
NC_024040.1,Craniata
NC_024041.1,Craniata
NC_024042.1,Craniata
NC_024043.1,Craniata
NC_024044.1,Craniata
NC_004700.1,Craniata
NC_024048.1,Craniata
NC_024049.1,Craniata
NC_024051.1,Craniata
NC_024052.1,Craniata
NC_024053.1,Craniata
NC_024055.1,Craniata
NC_024058.1,Craniata
NC_024059.2,Craniata
NC_024068.1,Craniata
NC_024069.1,Craniata
NC_004701.1,Craniata
NC_024086.1,Craniata
NC_024087.1,Craniata
NC_024088.1,Craniata
NC_024100.1,Craniata
NC_024101.1,Craniata
NC_024102.1,Craniata
NC_024107.1,Craniata
NC_024108.1,Craniata
NC_024109.1,Craniata
NC_024110.1,Craniata
NC_004702.1,Craniata
NC_024156.1,Craniata
NC_024163.1,Craniata
NC_024164.1,Craniata
NC_024172.1,Craniata
NC_024178.1,Craniata
NC_024179.1,Craniata
NC_024180.1,Craniata
NC_024183.1,Craniata
NC_024184.1,Craniata
NC_024185.1,Craniata
NC_004742.1,Craniata
NC_024186.1,Craniata
NC_024187.1,Craniata
NC_024188.1,Craniata
NC_024189.1,Craniata
NC_024190.1,Craniata
NC_024191.1,Craniata
NC_024192.1,Craniata
NC_024193.1,Craniata
NC_024194.1,Craniata
NC_024195.1,Craniata
NC_004743.1,Craniata
NC_024197.1,Craniata
NC_024198.1,Craniata
NC_024199.1,Craniata
NC_024236.1,Craniata
NC_024238.1,Craniata
NC_024257.1,Craniata
NC_024259.1,Craniata
NC_024263.1,Craniata
NC_024266.1,Craniata
NC_024267.1,Craniata
NC_004744.1,Craniata
NC_024268.1,Craniata
NC_024269.1,Craniata
NC_024272.1,Craniata
NC_024273.1,Craniata
NC_024274.1,Craniata
NC_024276.1,Craniata
NC_024277.1,Craniata
NC_024278.1,Craniata
NC_024279.1,Craniata
NC_024280.1,Craniata
NC_004815.1,Craniata
NC_024284.1,Craniata
NC_024285.1,Craniata
NC_024294.1,Craniata
NC_024422.1,Craniata
NC_024423.1,Craniata
NC_024427.1,Craniata
NC_024430.1,Craniata
NC_024431.1,Craniata
NC_024432.1,Craniata
NC_024433.1,Craniata
NC_004901.2,Craniata
NC_024434.1,Craniata
NC_024436.1,Craniata
NC_024513.1,Craniata
NC_024524.1,Craniata
NC_024527.1,Craniata
NC_024528.1,Craniata
NC_024529.1,Craniata
NC_024530.1,Craniata
NC_024531.1,Craniata
NC_024533.1,Craniata
NC_004919.1,Craniata
NC_024534.1,Craniata
NC_024536.1,Craniata
NC_024537.1,Craniata
NC_024538.1,Craniata
NC_024539.1,Craniata
NC_024540.1,Craniata
NC_024546.1,Craniata
NC_024547.1,Craniata
NC_024548.1,Craniata
NC_024549.1,Craniata
NC_001321.1,Craniata
NC_004920.1,Craniata
NC_024552.1,Craniata
NC_024553.1,Craniata
NC_024554.1,Craniata
NC_024556.1,Craniata
NC_024557.1,Craniata
NC_024558.1,Craniata
NC_024559.1,Craniata
NC_024561.1,Craniata
NC_024563.1,Craniata
NC_024566.1,Craniata
NC_004921.1,Craniata
NC_024567.1,Craniata
NC_024568.1,Craniata
NC_024569.1,Craniata
NC_024570.1,Craniata
NC_024572.1,Craniata
NC_024573.1,Craniata
NC_024574.1,Craniata
NC_024575.1,Craniata
NC_024576.1,Craniata
NC_024578.1,Craniata
NC_004926.1,Craniata
NC_024580.1,Craniata
NC_024585.1,Craniata
NC_024587.1,Craniata
NC_024588.1,Craniata
NC_024592.1,Craniata
NC_024593.1,Craniata
NC_024594.1,Craniata
NC_024595.1,Craniata
NC_024596.1,Craniata
NC_024597.1,Craniata
NC_005033.1,Craniata
NC_024598.1,Craniata
NC_024599.1,Craniata
NC_024602.1,Craniata
NC_024603.1,Craniata
NC_024604.1,Craniata
NC_024606.1,Craniata
NC_024607.1,Craniata
NC_024609.1,Craniata
NC_024610.1,Craniata
NC_024611.1,Craniata
NC_005034.1,Craniata
NC_024612.1,Craniata
NC_024615.1,Craniata
NC_024616.1,Craniata
NC_024617.1,Craniata
NC_024618.1,Craniata
NC_024619.1,Craniata
NC_024620.1,Craniata
NC_024621.1,Craniata
NC_024623.1,Craniata
NC_024628.1,Craniata
NC_005035.1,Craniata
NC_024629.1,Craniata
NC_024630.1,Craniata
NC_024631.1,Craniata
NC_024634.1,Craniata
NC_024640.1,Craniata
NC_024654.1,Craniata
NC_024667.1,Craniata
NC_024672.1,Craniata
NC_024673.1,Craniata
NC_024674.1,Craniata
NC_005044.2,Craniata
NC_024682.1,Craniata
NC_024698.1,Craniata
NC_024726.1,Craniata
NC_024729.1,Craniata
NC_024730.1,Craniata
NC_024737.1,Craniata
NC_024739.1,Craniata
NC_024743.1,Craniata
NC_024746.1,Craniata
NC_024748.1,Craniata
NC_005055.1,Craniata
NC_024749.1,Craniata
NC_024750.1,Craniata
NC_024752.1,Craniata
NC_024753.1,Craniata
NC_024812.1,Craniata
NC_024818.1,Craniata
NC_024819.1,Craniata
NC_024820.1,Craniata
NC_024821.1,Craniata
NC_024833.1,Craniata
NC_005089.1,Craniata
NC_024834.1,Craniata
NC_024835.1,Craniata
NC_024836.1,Craniata
NC_024837.1,Craniata
NC_024840.1,Craniata
NC_024841.1,Craniata
NC_024842.1,Craniata
NC_024843.1,Craniata
NC_024844.1,Craniata
NC_024846.1,Craniata
NC_005129.2,Craniata
NC_024847.1,Craniata
NC_024848.1,Craniata
NC_024849.1,Craniata
NC_024850.1,Craniata
NC_024851.1,Craniata
NC_024852.1,Craniata
NC_024853.1,Craniata
NC_024854.1,Craniata
NC_024857.1,Craniata
NC_024858.1,Craniata
NC_001323.1,Craniata
NC_005144.1,Craniata
NC_024860.1,Craniata
NC_024862.1,Craniata
NC_024865.1,Craniata
NC_024866.1,Craniata
NC_024867.1,Craniata
NC_024868.1,Craniata
NC_024869.1,Craniata
NC_024870.1,Craniata
NC_024871.1,Craniata
NC_024872.1,Craniata
NC_005145.1,Craniata
NC_024873.1,Craniata
NC_024875.1,Craniata
NC_024876.1,Craniata
NC_024879.1,Craniata
NC_024880.1,Craniata
NC_024881.1,Craniata
NC_024883.1,Craniata
NC_024885.1,Craniata
NC_024921.1,Craniata
NC_024922.1,Craniata
NC_005146.1,Craniata
NC_024924.1,Craniata
NC_024925.1,Craniata
NC_024930.1,Craniata
NC_024933.1,Craniata
NC_024934.1,Craniata
NC_024937.1,Craniata
NC_024938.1,Craniata
NC_024939.1,Craniata
NC_024940.1,Craniata
NC_024941.1,Craniata
NC_005212.1,Craniata
NC_024942.1,Craniata
NC_024946.1,Craniata
NC_024947.1,Craniata
NC_024948.1,Craniata
NC_024949.1,Craniata
NC_024950.1,Craniata
NC_024951.1,Craniata
NC_024952.1,Craniata
NC_024953.1,Craniata
NC_025199.1,Craniata
NC_005251.1,Craniata
NC_025201.1,Craniata
NC_025221.1,Craniata
NC_025222.1,Craniata
NC_025225.1,Craniata
NC_025226.1,Craniata
NC_025242.1,Craniata
NC_025268.1,Craniata
NC_025269.1,Craniata
NC_025270.1,Craniata
NC_025271.1,Craniata
NC_005252.1,Craniata
NC_025275.1,Craniata
NC_025277.1,Craniata
NC_025278.1,Craniata
NC_025283.1,Craniata
NC_025286.1,Craniata
NC_025287.1,Craniata
NC_025290.1,Craniata
NC_025296.1,Craniata
NC_025297.1,Craniata
NC_025298.1,Craniata
NC_005254.2,Craniata
NC_025300.1,Craniata
NC_025301.1,Craniata
NC_025303.1,Craniata
NC_025304.1,Craniata
NC_025307.1,Craniata
NC_025308.1,Craniata
NC_025309.1,Craniata
NC_025315.2,Craniata
NC_025316.1,Craniata
NC_025317.1,Craniata
NC_005257.1,Craniata
NC_025318.1,Craniata
NC_025319.1,Craniata
NC_025320.1,Craniata
NC_025321.1,Craniata
NC_025326.1,Craniata
NC_025327.1,Craniata
NC_025328.1,Craniata
NC_025330.1,Craniata
NC_025336.1,Craniata
NC_025337.1,Craniata
NC_005268.1,Craniata
NC_025494.1,Craniata
NC_025498.1,Craniata
NC_025499.1,Craniata
NC_025500.1,Craniata
NC_025501.1,Craniata
NC_025502.1,Craniata
NC_025507.1,Craniata
NC_025508.1,Craniata
NC_025512.1,Craniata
NC_025513.1,Craniata
NC_005269.1,Craniata
NC_025514.1,Craniata
NC_025515.1,Craniata
NC_025516.1,Craniata
NC_025517.1,Craniata
NC_025519.1,Craniata
NC_025520.1,Craniata
NC_025521.1,Craniata
NC_025550.1,Craniata
NC_025552.1,Craniata
NC_025553.1,Craniata
NC_001325.1,Craniata
NC_005270.1,Craniata
NC_025555.1,Craniata
NC_025556.1,Craniata
NC_025559.1,Craniata
NC_025560.1,Craniata
NC_025562.1,Craniata
NC_025563.1,Craniata
NC_025565.1,Craniata
NC_025566.1,Craniata
NC_025568.1,Craniata
NC_025575.1,Craniata
NC_005271.1,Craniata
NC_025576.1,Craniata
NC_025578.1,Craniata
NC_025579.1,Craniata
NC_025580.1,Craniata
NC_025582.1,Craniata
NC_025583.1,Craniata
NC_025584.1,Craniata
NC_025585.1,Craniata
NC_025586.1,Craniata
NC_025588.1,Craniata
NC_005272.1,Craniata
NC_025589.1,Craniata
NC_025590.1,Craniata
NC_025591.1,Craniata
NC_025594.1,Craniata
NC_025595.1,Craniata
NC_025596.1,Craniata
NC_025597.1,Craniata
NC_025598.1,Craniata
NC_025599.1,Craniata
NC_025600.1,Craniata
NC_005273.1,Craniata
NC_025601.1,Craniata
NC_025602.1,Craniata
NC_025604.1,Craniata
NC_025605.1,Craniata
NC_025606.1,Craniata
NC_025607.1,Craniata
NC_025608.1,Craniata
NC_025609.1,Craniata
NC_025610.1,Craniata
NC_025611.1,Craniata
NC_005274.1,Craniata
NC_025612.1,Craniata
NC_025613.1,Craniata
NC_025614.1,Craniata
NC_025615.1,Craniata
NC_025616.1,Craniata
NC_025617.1,Craniata
NC_025618.1,Craniata
NC_025619.1,Craniata
NC_025620.1,Craniata
NC_025621.1,Craniata
NC_005275.1,Craniata
NC_025622.1,Craniata
NC_025623.1,Craniata
NC_025624.1,Craniata
NC_025625.1,Craniata
NC_025627.1,Craniata
NC_025628.1,Craniata
NC_025630.1,Craniata
NC_025631.1,Craniata
NC_025632.1,Craniata
NC_025637.1,Craniata
NC_005276.1,Craniata
NC_025638.1,Craniata
NC_025639.1,Craniata
NC_025640.1,Craniata
NC_025643.1,Craniata
NC_025644.1,Craniata
NC_025646.1,Craniata
NC_025648.1,Craniata
NC_025649.1,Craniata
NC_025650.1,Craniata
NC_025654.1,Craniata
NC_005277.1,Craniata
NC_025665.1,Craniata
NC_025666.1,Craniata
NC_025669.1,Craniata
NC_025670.1,Craniata
NC_025671.1,Craniata
NC_025742.1,Craniata
NC_025746.1,Craniata
NC_025747.1,Craniata
NC_025748.1,Craniata
NC_025767.1,Craniata
NC_005278.1,Craniata
NC_025769.1,Craniata
NC_025770.1,Craniata
NC_025771.1,Craniata
NC_025773.1,Craniata
NC_025777.1,Craniata
NC_025778.1,Craniata
NC_025779.1,Craniata
NC_025780.1,Craniata
NC_025782.1,Craniata
NC_025783.1,Craniata
NC_005279.1,Craniata
NC_025784.1,Craniata
NC_025785.1,Craniata
NC_025786.1,Craniata
NC_025900.1,Craniata
NC_025902.1,Craniata
NC_025903.1,Craniata
NC_025911.1,Craniata
NC_025912.1,Craniata
NC_025913.1,Craniata
NC_025914.1,Craniata
NC_001573.1,Craniata
NC_005280.1,Craniata
NC_025915.1,Craniata
NC_025916.1,Craniata
NC_025917.1,Craniata
NC_025918.1,Craniata
NC_025919.1,Craniata
NC_025920.1,Craniata
NC_025921.1,Craniata
NC_025922.1,Craniata
NC_025923.1,Craniata
NC_025924.1,Craniata
NC_005298.1,Craniata
NC_025925.1,Craniata
NC_025926.1,Craniata
NC_025927.1,Craniata
NC_025929.1,Craniata
NC_025930.1,Craniata
NC_025932.1,Craniata
NC_025934.1,Craniata
NC_025935.1,Craniata
NC_025937.1,Craniata
NC_025938.1,Craniata
NC_005299.1,Craniata
NC_025939.1,Craniata
NC_025940.1,Craniata
NC_025941.1,Craniata
NC_025942.1,Craniata
NC_025947.1,Craniata
NC_025949.1,Craniata
NC_025950.1,Craniata
NC_025951.1,Craniata
NC_025952.1,Craniata
NC_025953.1,Craniata
NC_005313.1,Craniata
NC_025954.1,Craniata
NC_025956.1,Craniata
NC_026024.1,Craniata
NC_026027.1,Craniata
NC_026028.1,Craniata
NC_026029.1,Craniata
NC_026032.1,Craniata
NC_026033.1,Craniata
NC_026034.1,Craniata
NC_026042.1,Craniata
NC_005314.1,Craniata
NC_026047.1,Craniata
NC_026048.1,Craniata
NC_026049.1,Craniata
NC_026050.1,Craniata
NC_026051.1,Craniata
NC_026052.1,Craniata
NC_026063.1,Craniata
NC_026064.1,Craniata
NC_026066.1,Craniata
NC_026067.1,Craniata
NC_005315.1,Craniata
NC_026068.1,Craniata
NC_026074.1,Craniata
NC_026075.1,Craniata
NC_026078.1,Craniata
NC_026082.1,Craniata
NC_026083.1,Craniata
NC_026084.1,Craniata
NC_026085.1,Craniata
NC_026086.1,Craniata
NC_026088.1,Craniata
NC_005316.1,Craniata
NC_026090.1,Craniata
NC_026095.1,Craniata
NC_026098.1,Craniata
NC_026100.1,Craniata
NC_026105.1,Craniata
NC_026106.1,Craniata
NC_026109.1,Craniata
NC_026110.1,Craniata
NC_026118.1,Craniata
NC_026119.1,Craniata
NC_005317.1,Craniata
NC_026120.1,Craniata
NC_026122.1,Craniata
NC_026124.1,Craniata
NC_026125.1,Craniata
NC_026127.1,Craniata
NC_026128.1,Craniata
NC_026129.1,Craniata
NC_026130.1,Craniata
NC_026131.1,Craniata
NC_026188.1,Craniata
NC_005318.1,Craniata
NC_026189.1,Craniata
NC_026190.1,Craniata
NC_026191.1,Craniata
NC_026194.2,Craniata
NC_026195.1,Craniata
NC_026204.2,Craniata
NC_026205.1,Craniata
NC_026206.1,Craniata
NC_026208.1,Craniata
NC_026210.1,Craniata
NC_005358.1,Craniata
NC_026211.1,Craniata
NC_026213.1,Craniata
NC_026216.1,Craniata
NC_026217.1,Craniata
NC_026221.1,Craniata
NC_026222.1,Craniata
NC_026223.1,Craniata
NC_026229.1,Craniata
NC_026230.1,Craniata
NC_026232.1,Craniata
NC_001601.1,Craniata
NC_005433.1,Craniata
NC_026233.1,Craniata
NC_026234.1,Craniata
NC_026235.1,Craniata
NC_026236.1,Craniata
NC_026237.1,Craniata
NC_026284.1,Craniata
NC_026285.1,Craniata
NC_026287.1,Craniata
NC_026293.1,Craniata
NC_026294.1,Craniata
NC_005434.1,Craniata
NC_026303.1,Craniata
NC_026304.1,Craniata
NC_026307.1,Craniata
NC_026308.1,Craniata
NC_026313.1,Craniata
NC_026442.1,Craniata
NC_026443.1,Craniata
NC_026451.1,Craniata
NC_026453.1,Craniata
NC_026454.1,Craniata
NC_005435.1,Craniata
NC_026455.1,Craniata
NC_026456.1,Craniata
NC_026458.1,Craniata
NC_026459.1,Craniata
NC_026460.1,Craniata
NC_026461.1,Craniata
NC_026464.1,Craniata
NC_026465.1,Craniata
NC_026467.1,Craniata
NC_026519.1,Craniata
NC_005436.1,Craniata
NC_026520.1,Craniata
NC_026521.1,Craniata
NC_026524.1,Craniata
NC_026526.1,Craniata
NC_026528.1,Craniata
NC_026529.1,Craniata
NC_026533.1,Craniata
NC_026535.1,Craniata
NC_026537.1,Craniata
NC_026542.1,Craniata
NC_005450.1,Craniata
NC_026543.1,Craniata
NC_026544.1,Craniata
NC_026545.1,Craniata
NC_026547.1,Craniata
NC_026548.1,Craniata
NC_026549.1,Craniata
NC_026553.1,Craniata
NC_026566.1,Craniata
NC_026578.1,Craniata
NC_026579.1,Craniata
NC_005451.1,Craniata
NC_026580.2,Craniata
NC_026581.1,Craniata
NC_026689.1,Craniata
NC_026693.1,Craniata
NC_026696.1,Craniata
NC_026698.1,Craniata
NC_026701.1,Craniata
NC_026705.1,Craniata
NC_026706.1,Craniata
NC_026709.1,Craniata
NC_005794.2,Craniata
NC_026712.1,Craniata
NC_026714.1,Craniata
NC_026715.1,Craniata
NC_026717.1,Craniata
NC_026718.1,Craniata
NC_026723.1,Craniata
NC_026725.1,Craniata
NC_026731.1,Craniata
NC_026774.1,Craniata
NC_026780.1,Craniata
NC_005795.1,Craniata
NC_026781.1,Craniata
NC_026783.1,Craniata
NC_026789.1,Craniata
NC_026793.1,Craniata
NC_026794.1,Craniata
NC_026845.1,Craniata
NC_026846.1,Craniata
NC_026853.1,Craniata
NC_026854.1,Craniata
NC_026867.1,Craniata
NC_005796.1,Craniata
NC_026870.1,Craniata
NC_026871.1,Craniata
NC_026872.1,Craniata
NC_026873.1,Craniata
NC_026875.1,Craniata
NC_026883.1,Craniata
NC_026886.1,Craniata
NC_026887.1,Craniata
NC_026888.1,Craniata
NC_026889.1,Craniata
NC_005797.1,Craniata
NC_026893.1,Craniata
NC_026894.1,Craniata
NC_026895.1,Craniata
NC_026896.1,Craniata
NC_026897.1,Craniata
NC_026899.1,Craniata
NC_026900.1,Craniata
NC_026902.1,Craniata
NC_026904.1,Craniata
NC_026911.1,Craniata
NC_001602.1,Craniata
NC_005798.1,Craniata
NC_026912.1,Craniata
NC_026915.1,Craniata
NC_026917.1,Craniata
NC_026918.1,Craniata
NC_026919.1,Craniata
NC_026973.1,Craniata
NC_026976.1,Craniata
NC_026989.1,Craniata
NC_026992.1,Craniata
NC_026994.1,Craniata
NC_005799.1,Craniata
NC_026998.1,Craniata
NC_027001.1,Craniata
NC_027062.1,Craniata
NC_027067.1,Craniata
NC_027069.1,Craniata
NC_027070.1,Craniata
NC_027072.1,Craniata
NC_027081.1,Craniata
NC_027083.1,Craniata
NC_027084.1,Craniata
NC_005800.1,Craniata
NC_027088.1,Craniata
NC_027089.1,Craniata
NC_027095.1,Craniata
NC_027096.1,Craniata
NC_027097.1,Craniata
NC_027098.1,Craniata
NC_027107.1,Craniata
NC_027115.1,Craniata
NC_027160.1,Craniata
NC_027162.1,Craniata
NC_005801.1,Craniata
NC_027164.1,Craniata
NC_027165.1,Craniata
NC_027166.1,Craniata
NC_027167.1,Craniata
NC_027168.1,Craniata
NC_027169.1,Craniata
NC_027171.1,Craniata
NC_027173.1,Craniata
NC_027175.1,Craniata
NC_027182.1,Craniata
NC_005802.1,Craniata
NC_027183.1,Craniata
NC_027186.1,Craniata
NC_027189.1,Craniata
NC_027191.1,Craniata
NC_027192.1,Craniata
NC_027193.1,Craniata
NC_027228.1,Craniata
NC_027229.1,Craniata
NC_027230.1,Craniata
NC_027231.1,Craniata
NC_005803.1,Craniata
NC_027233.1,Craniata
NC_027234.1,Craniata
NC_027236.1,Craniata
NC_027237.1,Craniata
NC_027238.1,Craniata
NC_027239.1,Craniata
NC_027240.1,Craniata
NC_027241.1,Craniata
NC_027242.1,Craniata
NC_027243.1,Craniata
NC_005804.1,Craniata
NC_027244.1,Craniata
NC_027245.1,Craniata
NC_027246.1,Craniata
NC_027247.1,Craniata
NC_027248.1,Craniata
NC_027249.1,Craniata
NC_027251.1,Craniata
NC_027255.1,Craniata
NC_027260.1,Craniata
NC_027261.1,Craniata
NC_005805.1,Craniata
NC_027267.1,Craniata
NC_027268.1,Craniata
NC_027270.1,Craniata
NC_027273.1,Craniata
NC_027274.1,Craniata
NC_027275.1,Craniata
NC_027277.1,Craniata
NC_027278.1,Craniata
NC_027279.1,Craniata
NC_027281.1,Craniata
NC_005825.1,Craniata
NC_027283.1,Craniata
NC_027284.1,Craniata
NC_027285.1,Craniata
NC_027289.1,Craniata
NC_027291.1,Craniata
NC_027408.1,Craniata
NC_027409.1,Craniata
NC_027410.1,Craniata
NC_027411.1,Craniata
NC_027412.1,Craniata
NC_005826.1,Craniata
NC_027417.1,Craniata
NC_027418.1,Craniata
NC_027420.1,Craniata
NC_027421.1,Craniata
NC_027424.1,Craniata
NC_027435.1,Craniata
NC_027436.1,Craniata
NC_027437.1,Craniata
NC_027438.1,Craniata
NC_027439.1,Craniata
NC_001606.1,Craniata
NC_005828.1,Craniata
NC_027440.1,Craniata
NC_027444.1,Craniata
NC_027445.1,Craniata
NC_027446.1,Craniata
NC_027447.1,Craniata
NC_027448.1,Craniata
NC_027449.1,Craniata
NC_027452.1,Craniata
NC_027453.1,Craniata
NC_027454.1,Craniata
NC_005829.1,Craniata
NC_027455.1,Craniata
NC_027495.1,Craniata
NC_027496.1,Craniata
NC_027497.1,Craniata
NC_027498.1,Craniata
NC_027499.1,Craniata
NC_027500.1,Craniata
NC_027501.1,Craniata
NC_027504.1,Craniata
NC_027505.1,Craniata
NC_005834.1,Craniata
NC_027507.1,Craniata
NC_027517.1,Craniata
NC_027521.1,Craniata
NC_027522.1,Craniata
NC_027578.1,Craniata
NC_027579.1,Craniata
NC_027582.1,Craniata
NC_027583.1,Craniata
NC_027585.1,Craniata
NC_027586.1,Craniata
NC_005836.1,Craniata
NC_027587.1,Craniata
NC_027588.1,Craniata
NC_027592.1,Craniata
NC_027593.1,Craniata
NC_027594.1,Craniata
NC_027595.1,Craniata
NC_027596.1,Craniata
NC_027597.1,Craniata
NC_027598.1,Craniata
NC_027599.1,Craniata
NC_005837.1,Craniata
NC_027600.1,Craniata
NC_027604.1,Craniata
NC_027605.1,Craniata
NC_027606.1,Craniata
NC_027617.1,Craniata
NC_027649.1,Craniata
NC_027651.1,Craniata
NC_027652.1,Craniata
NC_027654.1,Craniata
NC_027655.1,Craniata
NC_005931.1,Craniata
NC_027656.1,Craniata
NC_027657.1,Craniata
NC_027658.1,Craniata
NC_027661.1,Craniata
NC_027662.1,Craniata
NC_027663.1,Craniata
NC_027664.1,Craniata
NC_027665.1,Craniata
NC_027670.1,Craniata
NC_027671.1,Craniata
NC_005932.1,Craniata
NC_027683.1,Craniata
NC_027684.1,Craniata
NC_027686.1,Craniata
NC_027688.1,Craniata
NC_027689.1,Craniata
NC_027690.1,Craniata
NC_027692.1,Craniata
NC_027731.1,Craniata
NC_027733.1,Craniata
NC_027734.1,Craniata
NC_005933.1,Craniata
NC_027735.1,Craniata
NC_027737.1,Craniata
NC_027740.1,Craniata
NC_027741.1,Craniata
NC_027742.1,Craniata
NC_027745.1,Craniata
NC_027825.1,Craniata
NC_027826.1,Craniata
NC_027827.1,Craniata
NC_027828.1,Craniata
NC_005943.1,Craniata
NC_027839.1,Craniata
NC_027840.1,Craniata
NC_027841.1,Craniata
NC_027842.1,Craniata
NC_027843.1,Craniata
NC_027844.1,Craniata
NC_027845.1,Craniata
NC_027846.1,Craniata
NC_027847.1,Craniata
NC_027848.1,Craniata
NC_005958.1,Craniata
NC_027849.1,Craniata
NC_027850.1,Craniata
NC_027853.1,Craniata
NC_027856.1,Craniata
NC_027857.1,Craniata
NC_027858.1,Craniata
NC_027931.1,Craniata
NC_027932.1,Craniata
NC_027933.1,Craniata
NC_027934.1,Craniata
NC_001610.1,Craniata
NC_005959.1,Craniata
NC_027935.1,Craniata
NC_027936.1,Craniata
NC_027938.1,Craniata
NC_027940.1,Craniata
NC_027942.1,Craniata
NC_027944.1,Craniata
NC_027945.1,Craniata
NC_027946.1,Craniata
NC_027947.1,Craniata
NC_027949.1,Craniata
NC_005960.1,Craniata
NC_027950.1,Craniata
NC_027953.1,Craniata
NC_027956.1,Craniata
NC_027963.1,Craniata
NC_027964.1,Craniata
NC_027965.1,Craniata
NC_027967.1,Craniata
NC_027968.1,Craniata
NC_027969.1,Craniata
NC_027970.1,Craniata
NC_005961.1,Craniata
NC_027971.1,Craniata
NC_027972.1,Craniata
NC_027973.1,Craniata
NC_027977.1,Craniata
NC_028011.1,Craniata
NC_028013.1,Craniata
NC_028014.1,Craniata
NC_028018.1,Craniata
NC_028019.1,Craniata
NC_028020.1,Craniata
NC_005962.1,Craniata
NC_028021.1,Craniata
NC_028022.1,Craniata
NC_028028.1,Craniata
NC_028030.1,Craniata
NC_028031.1,Craniata
NC_028033.1,Craniata
NC_028035.1,Craniata
NC_028036.1,Craniata
NC_028037.1,Craniata
NC_028038.1,Craniata
NC_005971.1,Craniata
NC_028039.1,Craniata
NC_028048.1,Craniata
NC_028049.1,Craniata
NC_028055.1,Craniata
NC_028072.1,Craniata
NC_028079.1,Craniata
NC_028082.1,Craniata
NC_028083.1,Craniata
NC_028087.1,Craniata
NC_028088.1,Craniata
NC_006082.1,Craniata
NC_028089.1,Craniata
NC_028090.1,Craniata
NC_028150.1,Craniata
NC_028151.1,Craniata
NC_028156.1,Craniata
NC_028157.1,Craniata
NC_028161.1,Craniata
NC_028162.1,Craniata
NC_028163.1,Craniata
NC_028165.1,Craniata
NC_006131.1,Craniata
NC_028166.1,Craniata
NC_028167.1,Craniata
NC_028169.1,Craniata
NC_028172.1,Craniata
NC_028173.1,Craniata
NC_028174.1,Craniata
NC_028175.1,Craniata
NC_028176.1,Craniata
NC_028177.1,Craniata
NC_028178.1,Craniata
NC_006132.1,Craniata
NC_028179.1,Craniata
NC_028180.1,Craniata
NC_028181.1,Craniata
NC_028182.1,Craniata
NC_028184.1,Craniata
NC_028186.1,Craniata
NC_028187.1,Craniata
NC_028188.1,Craniata
NC_028193.1,Craniata
NC_028194.1,Craniata
NC_006136.1,Craniata
NC_028195.1,Craniata
NC_028197.1,Craniata
NC_028198.1,Craniata
NC_028205.1,Craniata
NC_028206.1,Craniata
NC_028208.1,Craniata
NC_028210.1,Craniata
NC_028228.1,Craniata
NC_028273.1,Craniata
NC_028274.1,Craniata
NC_006282.1,Craniata
NC_028275.1,Craniata
NC_028276.1,Craniata
NC_028277.1,Craniata
NC_028278.1,Craniata
NC_028279.1,Craniata
NC_028280.1,Craniata
NC_028281.1,Craniata
NC_028282.1,Craniata
NC_028283.1,Craniata
NC_028284.1,Craniata
NC_001626.1,Craniata
NC_006283.1,Craniata
NC_028285.1,Craniata
NC_028286.1,Craniata
NC_028287.1,Craniata
NC_028288.1,Craniata
NC_028289.1,Craniata
NC_028290.1,Craniata
NC_028291.1,Craniata
NC_028292.1,Craniata
NC_028293.1,Craniata
NC_028294.1,Craniata
NC_006284.1,Craniata
NC_028295.1,Craniata
NC_028296.1,Craniata
NC_028297.1,Craniata
NC_028298.1,Craniata
NC_028299.1,Craniata
NC_028300.1,Craniata
NC_028301.1,Craniata
NC_028302.1,Craniata
NC_028303.1,Craniata
NC_028304.1,Craniata
NC_006285.1,Craniata
NC_028305.1,Craniata
NC_028306.1,Craniata
NC_028307.1,Craniata
NC_028308.1,Craniata
NC_028309.1,Craniata
NC_028310.1,Craniata
NC_028311.1,Craniata
NC_028312.1,Craniata
NC_028313.1,Craniata
NC_028314.1,Craniata
NC_006286.1,Craniata
NC_028315.1,Craniata
NC_028316.1,Craniata
NC_028317.1,Craniata
NC_028318.1,Craniata
NC_028319.1,Craniata
NC_028320.1,Craniata
NC_028321.1,Craniata
NC_028322.1,Craniata
NC_028323.1,Craniata
NC_028325.1,Craniata
NC_006287.1,Craniata
NC_028326.1,Craniata
NC_028333.1,Craniata
NC_028335.1,Craniata
NC_028336.1,Craniata
NC_028337.1,Craniata
NC_028338.1,Craniata
NC_028339.1,Craniata
NC_028340.1,Craniata
NC_028341.1,Craniata
NC_028342.1,Craniata
NC_006288.1,Craniata
NC_028343.1,Craniata
NC_028344.1,Craniata
NC_028346.1,Craniata
NC_028403.1,Craniata
NC_028404.1,Craniata
NC_028405.1,Craniata
NC_028406.1,Craniata
NC_028408.1,Craniata
NC_028414.1,Craniata
NC_028416.1,Craniata
NC_006291.1,Craniata
NC_028417.1,Craniata
NC_028418.1,Craniata
NC_028419.1,Craniata
NC_028420.1,Craniata
NC_028423.1,Craniata
NC_028424.1,Craniata
NC_028426.1,Craniata
NC_028427.1,Craniata
NC_028428.1,Craniata
NC_028431.1,Craniata
NC_006295.1,Craniata
NC_028432.1,Craniata
NC_028433.1,Craniata
NC_028434.1,Craniata
NC_028435.1,Craniata
NC_028436.1,Craniata
NC_028437.1,Craniata
NC_028438.1,Craniata
NC_028440.1,Craniata
NC_028441.1,Craniata
NC_028442.1,Craniata
NC_006299.1,Craniata
NC_028501.1,Craniata
NC_028508.1,Craniata
NC_028509.1,Craniata
NC_028510.1,Craniata
NC_028511.1,Craniata
NC_028512.1,Craniata
NC_028513.1,Craniata
NC_028514.1,Craniata
NC_028515.1,Craniata
NC_028516.1,Craniata
NC_006301.1,Craniata
NC_028521.1,Craniata
NC_028526.1,Craniata
NC_028527.1,Craniata
NC_028529.1,Craniata
NC_028530.1,Craniata
NC_028536.1,Craniata
NC_028537.1,Craniata
NC_028540.1,Craniata
NC_028544.1,Craniata
NC_028545.1,Craniata
NC_001640.1,Craniata
NC_006302.1,Craniata
NC_028546.1,Craniata
NC_028550.1,Craniata
NC_028551.1,Craniata
NC_028554.1,Craniata
NC_028555.1,Craniata
NC_028556.1,Craniata
NC_028557.1,Craniata
NC_028558.1,Craniata
NC_028559.1,Craniata
NC_028560.1,Craniata
NC_006303.1,Craniata
NC_028561.1,Craniata
NC_028562.1,Craniata
NC_028563.1,Craniata
NC_028564.1,Craniata
NC_028565.1,Craniata
NC_028566.1,Craniata
NC_028567.1,Craniata
NC_028568.1,Craniata
NC_028569.1,Craniata
NC_028570.1,Craniata
NC_006304.1,Craniata
NC_028571.1,Craniata
NC_028572.1,Craniata
NC_028573.1,Craniata
NC_028574.1,Craniata
NC_028575.1,Craniata
NC_028576.1,Craniata
NC_028577.1,Craniata
NC_028592.1,Craniata
NC_028593.1,Craniata
NC_028595.1,Craniata
NC_006305.1,Craniata
NC_028596.1,Craniata
NC_028625.1,Craniata
NC_028630.1,Craniata
NC_028634.1,Craniata
NC_028715.1,Craniata
NC_028716.1,Craniata
NC_028717.1,Craniata
NC_028718.1,Craniata
NC_028723.1,Craniata
NC_028730.1,Craniata
NC_006325.1,Craniata
NC_028736.1,Craniata
NC_029137.1,Craniata
NC_029138.1,Craniata
NC_029139.1,Craniata
NC_029140.1,Craniata
NC_029141.1,Craniata
NC_029142.1,Craniata
NC_029143.1,Craniata
NC_029144.1,Craniata
NC_029145.1,Craniata
NC_006326.1,Craniata
NC_029146.1,Craniata
NC_029147.1,Craniata
NC_029149.1,Craniata
NC_029151.1,Craniata
NC_029152.1,Craniata
NC_029153.1,Craniata
NC_029156.1,Craniata
NC_029157.1,Craniata
NC_029158.1,Craniata
NC_029159.1,Craniata
NC_006327.1,Craniata
NC_029160.1,Craniata
NC_029161.1,Craniata
NC_029165.1,Craniata
NC_029166.1,Craniata
NC_029171.1,Craniata
NC_029181.1,Craniata
NC_029183.1,Craniata
NC_029184.1,Craniata
NC_029186.1,Craniata
NC_029187.1,Craniata
NC_006328.1,Craniata
NC_029188.1,Craniata
NC_029189.1,Craniata
NC_029190.1,Craniata
NC_029191.1,Craniata
NC_029195.1,Craniata
NC_029196.1,Craniata
NC_029197.1,Craniata
NC_029198.1,Craniata
NC_029199.1,Craniata
NC_029200.1,Craniata
NC_006329.1,Craniata
NC_029201.1,Craniata
NC_029216.1,Craniata
NC_029222.1,Craniata
NC_029223.1,Craniata
NC_029228.1,Craniata
NC_029229.1,Craniata
NC_029231.1,Craniata
NC_029234.1,Craniata
NC_029237.1,Craniata
NC_029242.1,Craniata
NC_006330.1,Craniata
NC_029247.1,Craniata
NC_029249.1,Craniata
NC_029250.1,Craniata
NC_029252.1,Craniata
NC_029318.1,Craniata
NC_029319.1,Craniata
NC_029320.1,Craniata
NC_029321.1,Craniata
NC_029322.1,Craniata
NC_029323.1,Craniata
NC_001643.1,Craniata
NC_006331.1,Craniata
NC_029324.1,Craniata
NC_029325.1,Craniata
NC_029328.1,Craniata
NC_029329.1,Craniata
NC_029330.1,Craniata
NC_029340.1,Craniata
NC_029341.1,Craniata
NC_029342.1,Craniata
NC_029343.1,Craniata
NC_029344.1,Craniata
NC_006332.1,Craniata
NC_029345.1,Craniata
NC_029346.1,Craniata
NC_029348.1,Craniata
NC_029349.1,Craniata
NC_029350.1,Craniata
NC_029352.1,Craniata
NC_029353.1,Craniata
NC_029359.1,Craniata
NC_029360.1,Craniata
NC_029362.1,Craniata
NC_006333.1,Craniata
NC_029368.1,Craniata
NC_029369.1,Craniata
NC_029375.1,Craniata
NC_029376.1,Craniata
NC_029377.1,Craniata
NC_029380.1,Craniata
NC_029381.1,Craniata
NC_029382.1,Craniata
NC_029383.1,Craniata
NC_029384.1,Craniata
NC_006335.1,Craniata
NC_029385.1,Craniata
NC_029387.1,Craniata
NC_029388.1,Craniata
NC_029389.1,Craniata
NC_029399.1,Craniata
NC_029400.1,Craniata
NC_029402.1,Craniata
NC_029403.1,Craniata
NC_029404.1,Craniata
NC_029405.1,Craniata
NC_006336.1,Craniata
NC_029409.1,Craniata
NC_029410.1,Craniata
NC_029421.1,Craniata
NC_029422.1,Craniata
NC_029423.1,Craniata
NC_029424.1,Craniata
NC_029425.1,Craniata
NC_029426.1,Craniata
NC_029436.1,Craniata
NC_029437.1,Craniata
NC_006337.1,Craniata
NC_029438.1,Craniata
NC_029439.1,Craniata
NC_029440.1,Craniata
NC_029441.1,Craniata
NC_029442.1,Craniata
NC_029443.1,Craniata
NC_029444.1,Craniata
NC_029445.1,Craniata
NC_029446.1,Craniata
NC_029447.1,Craniata
NC_006338.1,Craniata
NC_029448.1,Craniata
NC_029449.1,Craniata
NC_029450.1,Craniata
NC_029451.1,Craniata
NC_029453.1,Craniata
NC_029455.1,Craniata
NC_029461.1,Craniata
NC_029462.1,Craniata
NC_029471.1,Craniata
NC_029472.1,Craniata
NC_006339.1,Craniata
NC_029473.1,Craniata
NC_029474.1,Craniata
NC_029475.1,Craniata
NC_029476.1,Craniata
NC_029477.1,Craniata
NC_029479.1,Craniata
NC_029480.1,Craniata
NC_029482.1,Craniata
NC_029488.1,Craniata
NC_029489.1,Craniata
NC_006340.1,Craniata
NC_029492.1,Craniata
NC_029493.1,Craniata
NC_029494.1,Craniata
NC_029703.1,Craniata
NC_029707.1,Craniata
NC_029708.1,Craniata
NC_029709.1,Craniata
NC_029710.1,Craniata
NC_029714.1,Craniata
NC_029715.1,Craniata
NC_006341.1,Craniata
NC_029718.1,Craniata
NC_029722.1,Craniata
NC_029728.1,Craniata
NC_029729.1,Craniata
NC_029730.1,Craniata
NC_029737.1,Craniata
NC_029738.1,Craniata
NC_029739.1,Craniata
NC_029740.1,Craniata
NC_029744.1,Craniata
NC_001644.1,Craniata
NC_006342.1,Craniata
NC_029752.1,Craniata
NC_029754.1,Craniata
NC_029758.1,Craniata
NC_029760.1,Craniata
NC_029761.1,Craniata
NC_029762.1,Craniata
NC_029769.1,Craniata
NC_029771.1,Craniata
NC_029831.1,Craniata
NC_029832.1,Craniata
NC_006344.1,Craniata
NC_029836.1,Craniata
NC_029837.1,Craniata
NC_029840.1,Craniata
NC_029841.1,Craniata
NC_029842.1,Craniata
NC_029843.1,Craniata
NC_029845.1,Craniata
NC_029846.1,Craniata
NC_029849.1,Craniata
NC_029862.1,Craniata
NC_006345.1,Craniata
NC_029875.1,Craniata
NC_029876.1,Craniata
NC_029877.1,Craniata
NC_029878.1,Craniata
NC_029880.1,Craniata
NC_029888.1,Craniata
NC_029890.1,Craniata
NC_029938.1,Craniata
NC_029939.1,Craniata
NC_029940.1,Craniata
NC_006346.1,Craniata
NC_029946.1,Craniata
NC_030005.1,Craniata
NC_030006.1,Craniata
NC_030007.1,Craniata
NC_030008.1,Craniata
NC_030009.1,Craniata
NC_030010.1,Craniata
NC_030041.1,Craniata
NC_030042.1,Craniata
NC_030049.1,Craniata
NC_006355.1,Craniata
NC_030054.1,Craniata
NC_030057.1,Craniata
NC_030070.1,Craniata
NC_030071.1,Craniata
NC_030072.1,Craniata
NC_030170.1,Craniata
NC_030174.1,Craniata
NC_030175.1,Craniata
NC_030179.1,Craniata
NC_030181.1,Craniata
NC_006364.1,Craniata
NC_030182.1,Craniata
NC_030184.1,Craniata
NC_030187.1,Craniata
NC_030188.1,Craniata
NC_030189.1,Craniata
NC_030209.1,Craniata
NC_030210.1,Craniata
NC_030211.1,Craniata
NC_030215.1,Craniata
NC_030216.1,Craniata
NC_006380.3,Craniata
NC_030217.1,Craniata
NC_030247.1,Craniata
NC_030251.1,Craniata
NC_030253.1,Craniata
NC_030254.1,Craniata
NC_030256.1,Craniata
NC_030259.1,Craniata
NC_030271.1,Craniata
NC_030272.1,Craniata
NC_030273.1,Craniata
NC_006381.1,Craniata
NC_030276.1,Craniata
NC_030278.1,Craniata
NC_030279.1,Craniata
NC_030281.1,Craniata
NC_030285.1,Craniata
NC_030286.1,Craniata
NC_030287.1,Craniata
NC_030288.1,Craniata
NC_030318.1,Craniata
NC_030320.1,Craniata
NC_006382.1,Craniata
NC_030321.1,Craniata
NC_030322.1,Craniata
NC_030323.1,Craniata
NC_030324.1,Craniata
NC_030325.1,Craniata
NC_030326.1,Craniata
NC_030327.1,Craniata
NC_030328.1,Craniata
NC_030330.1,Craniata
NC_030333.1,Craniata
NC_006387.1,Craniata
NC_030335.1,Craniata
NC_030342.1,Craniata
NC_030344.1,Craniata
NC_030345.1,Craniata
NC_030353.1,Craniata
NC_030364.1,Craniata
NC_030365.1,Craniata
NC_030366.1,Craniata
NC_030367.1,Craniata
NC_030368.1,Craniata
NC_001645.1,Craniata
NC_006398.1,Craniata
NC_030369.1,Craniata
NC_030373.1,Craniata
NC_030374.1,Craniata
NC_030375.1,Craniata
NC_030481.1,Craniata
NC_030483.1,Craniata
NC_030485.1,Craniata
NC_030505.1,Craniata
NC_030506.1,Craniata
NC_030507.1,Craniata
NC_006401.1,Craniata
NC_030511.1,Craniata
NC_030512.1,Craniata
NC_030513.1,Craniata
NC_030521.1,Craniata
NC_030525.1,Craniata
NC_030538.1,Craniata
NC_030542.1,Craniata
NC_030584.1,Craniata
NC_030585.1,Craniata
NC_030588.1,Craniata
NC_006402.1,Craniata
NC_030589.1,Craniata
NC_030590.1,Craniata
NC_030591.1,Craniata
NC_030597.1,Craniata
NC_030603.1,Craniata
NC_030604.1,Craniata
NC_030605.1,Craniata
NC_030607.1,Craniata
NC_030608.1,Craniata
NC_030610.1,Craniata
NC_006403.1,Craniata
NC_030627.1,Craniata
NC_030628.1,Craniata
NC_030634.1,Craniata
NC_030714.1,Craniata
NC_030759.1,Craniata
NC_030760.1,Craniata
NC_030766.1,Craniata
NC_030771.1,Craniata
NC_030776.1,Craniata
NC_030779.1,Craniata
NC_006404.1,Craniata
NC_030781.1,Craniata
NC_030788.1,Craniata
NC_031152.1,Craniata
NC_031156.1,Craniata
NC_031157.1,Craniata
NC_031165.1,Craniata
NC_031181.1,Craniata
NC_031182.1,Craniata
NC_031183.1,Craniata
NC_031188.1,Craniata
NC_006405.1,Craniata
NC_031209.1,Craniata
NC_031210.1,Craniata
NC_031300.1,Craniata
NC_031325.1,Craniata
NC_031330.1,Craniata
NC_031331.1,Craniata
NC_031347.1,Craniata
NC_031348.1,Craniata
NC_031349.1,Craniata
NC_031350.1,Craniata
NC_006406.1,Craniata
NC_031351.1,Craniata
NC_031352.1,Craniata
NC_031353.1,Craniata
NC_031358.1,Craniata
NC_031363.1,Craniata
NC_031372.1,Craniata
NC_031374.1,Craniata
NC_031378.1,Craniata
NC_031380.1,Craniata
NC_031382.1,Craniata
NC_006407.1,Craniata
NC_031409.1,Craniata
NC_031411.1,Craniata
NC_031415.1,Craniata
NC_031416.1,Craniata
NC_031418.1,Craniata
NC_031419.1,Craniata
NC_031424.1,Craniata
NC_031426.1,Craniata
NC_031430.1,Craniata
NC_031431.1,Craniata
NC_006516.1,Craniata
NC_031432.1,Craniata
NC_031439.1,Craniata
NC_031440.1,Craniata
NC_031447.1,Craniata
NC_031460.1,Craniata
NC_031508.1,Craniata
NC_031518.1,Craniata
NC_031519.1,Craniata
NC_031520.1,Craniata
NC_031521.1,Craniata
NC_006517.1,Craniata
NC_031522.1,Craniata
NC_031523.1,Craniata
NC_031524.1,Craniata
NC_031525.1,Craniata
NC_031526.1,Craniata
NC_031527.1,Craniata
NC_031528.1,Craniata
NC_031529.1,Craniata
NC_031530.1,Craniata
NC_031531.1,Craniata
NC_001646.1,Craniata
NC_006518.1,Craniata
NC_031532.1,Craniata
NC_031533.1,Craniata
NC_031534.1,Craniata
NC_031535.1,Craniata
NC_031536.1,Craniata
NC_031537.1,Craniata
NC_031538.1,Craniata
NC_031539.1,Craniata
NC_031540.1,Craniata
NC_031541.1,Craniata
NC_006519.1,Craniata
NC_031542.1,Craniata
NC_031543.1,Craniata
NC_031544.1,Craniata
NC_031545.1,Craniata
NC_031546.1,Craniata
NC_031547.1,Craniata
NC_031548.1,Craniata
NC_031549.1,Craniata
NC_031550.1,Craniata
NC_031551.1,Craniata
NC_006520.1,Craniata
NC_031552.1,Craniata
NC_031553.1,Craniata
NC_031554.1,Craniata
NC_031555.1,Craniata
NC_031556.1,Craniata
NC_031557.1,Craniata
NC_031558.1,Craniata
NC_031559.1,Craniata
NC_031560.1,Craniata
NC_031561.1,Craniata
NC_006521.1,Craniata
NC_031562.1,Craniata
NC_031563.1,Craniata
NC_031564.1,Craniata
NC_031565.1,Craniata
NC_031566.1,Craniata
NC_031567.1,Craniata
NC_031568.1,Craniata
NC_031569.1,Craniata
NC_031570.1,Craniata
NC_031571.1,Craniata
NC_006522.1,Craniata
NC_031572.1,Craniata
NC_031573.1,Craniata
NC_031574.1,Craniata
NC_031575.1,Craniata
NC_031576.1,Craniata
NC_031577.1,Craniata
NC_031578.1,Craniata
NC_031579.1,Craniata
NC_031580.1,Craniata
NC_031581.1,Craniata
NC_006523.1,Craniata
NC_031582.1,Craniata
NC_031583.1,Craniata
NC_031584.1,Craniata
NC_031585.1,Craniata
NC_031586.1,Craniata
NC_031587.1,Craniata
NC_031588.1,Craniata
NC_031589.1,Craniata
NC_031590.1,Craniata
NC_031591.1,Craniata
NC_006524.1,Craniata
NC_031592.1,Craniata
NC_031593.1,Craniata
NC_031594.1,Craniata
NC_031595.1,Craniata
NC_031596.1,Craniata
NC_031597.1,Craniata
NC_031598.1,Craniata
NC_031599.1,Craniata
NC_031600.1,Craniata
NC_031601.1,Craniata
NC_006531.1,Craniata
NC_031602.1,Craniata
NC_031603.1,Craniata
NC_031604.1,Craniata
NC_031605.1,Craniata
NC_031606.1,Craniata
NC_031607.1,Craniata
NC_031608.1,Craniata
NC_031609.1,Craniata
NC_031610.1,Craniata
NC_031611.1,Craniata
NC_006532.1,Craniata
NC_031612.1,Craniata
NC_031613.1,Craniata
NC_031614.1,Craniata
NC_031615.1,Craniata
NC_031616.1,Craniata
NC_031617.1,Craniata
NC_031618.1,Craniata
NC_031619.1,Craniata
NC_031620.1,Craniata
NC_031621.1,Craniata
NC_006533.1,Craniata
NC_031622.1,Craniata
NC_031623.1,Craniata
NC_031624.1,Craniata
NC_031625.1,Craniata
NC_031626.1,Craniata
NC_031627.1,Craniata
NC_031628.1,Craniata
NC_031629.1,Craniata
NC_031630.1,Craniata
NC_031631.1,Craniata
NC_001665.2,Craniata
NC_006534.1,Craniata
NC_031632.1,Craniata
NC_031633.1,Craniata
NC_031634.1,Craniata
NC_031635.1,Craniata
NC_031636.1,Craniata
NC_031637.1,Craniata
NC_031638.1,Craniata
NC_031639.1,Craniata
NC_031640.1,Craniata
NC_031641.1,Craniata
NC_006535.3,Craniata
NC_031642.1,Craniata
NC_031669.1,Craniata
NC_031802.1,Craniata
NC_031803.1,Craniata
NC_031807.1,Craniata
NC_031808.1,Craniata
NC_031809.1,Craniata
NC_031810.1,Craniata
NC_031811.1,Craniata
NC_031812.1,Craniata
NC_006536.1,Craniata
NC_031813.1,Craniata
NC_031818.1,Craniata
NC_031819.1,Craniata
NC_031827.1,Craniata
NC_031830.1,Craniata
NC_031835.1,Craniata
NC_031845.1,Craniata
NC_031847.1,Craniata
NC_031863.1,Craniata
NC_031864.1,Craniata
NC_006537.1,Craniata
NC_031865.1,Craniata
NC_031866.1,Craniata
NC_031867.1,Craniata
NC_031868.1,Craniata
NC_031869.1,Craniata
NC_031870.1,Craniata
NC_031871.1,Craniata
NC_031895.1,Craniata
NC_031897.1,Craniata
NC_032035.1,Craniata
NC_006538.1,Craniata
NC_032037.1,Craniata
NC_032039.1,Craniata
NC_032058.1,Craniata
NC_032059.1,Craniata
NC_032065.1,Craniata
NC_032068.1,Craniata
NC_032069.1,Craniata
NC_032070.1,Craniata
NC_032074.1,Craniata
NC_032080.1,Craniata
NC_006539.1,Craniata
NC_032081.1,Craniata
NC_032082.1,Craniata
NC_032084.1,Craniata
NC_032085.1,Craniata
NC_032086.1,Craniata
NC_032110.1,Craniata
NC_032286.1,Craniata
NC_032289.1,Craniata
NC_032290.1,Craniata
NC_032291.1,Craniata
NC_006540.1,Craniata
NC_032292.1,Craniata
NC_032293.1,Craniata
NC_032294.1,Craniata
NC_032297.1,Craniata
NC_032300.1,Craniata
NC_032301.1,Craniata
NC_032304.1,Craniata
NC_032305.1,Craniata
NC_032306.1,Craniata
NC_032307.1,Craniata
NC_006541.1,Craniata
NC_032308.1,Craniata
NC_032309.1,Craniata
NC_032310.1,Craniata
NC_032311.1,Craniata
NC_032312.1,Craniata
NC_032313.1,Craniata
NC_032314.1,Craniata
NC_032315.1,Craniata
NC_032316.1,Craniata
NC_032317.1,Craniata
NC_006542.1,Craniata
NC_032318.1,Craniata
NC_032319.1,Craniata
NC_032320.1,Craniata
NC_032322.1,Craniata
NC_032323.1,Craniata
NC_032324.1,Craniata
NC_032325.1,Craniata
NC_032326.1,Craniata
NC_032327.1,Craniata
NC_032328.1,Craniata
NC_006543.1,Craniata
NC_032329.1,Craniata
NC_032330.1,Craniata
NC_032331.1,Craniata
NC_032332.1,Craniata
NC_032333.1,Craniata
NC_032334.1,Craniata
NC_032335.1,Craniata
NC_032336.1,Craniata
NC_032337.1,Craniata
NC_032338.1,Craniata
NC_001700.1,Craniata
NC_006544.1,Craniata
NC_032339.1,Craniata
NC_032340.1,Craniata
NC_032341.1,Craniata
NC_032342.1,Craniata
NC_032343.1,Craniata
NC_032344.1,Craniata
NC_032345.1,Craniata
NC_032346.1,Craniata
NC_032347.1,Craniata
NC_032348.1,Craniata
NC_006545.1,Craniata
NC_032349.1,Craniata
NC_032350.1,Craniata
NC_032352.1,Craniata
NC_032353.1,Craniata
NC_032354.1,Craniata
NC_032355.1,Craniata
NC_032356.1,Craniata
NC_032357.1,Craniata
NC_032358.1,Craniata
NC_032359.1,Craniata
NC_006546.1,Craniata
NC_032360.1,Craniata
NC_032362.1,Craniata
NC_032363.1,Craniata
NC_032370.1,Craniata
NC_032371.1,Craniata
NC_032372.1,Craniata
NC_032373.1,Craniata
NC_032374.1,Craniata
NC_032375.1,Craniata
NC_032376.1,Craniata
NC_006547.2,Craniata
NC_032380.1,Craniata
NC_032384.1,Craniata
NC_032385.1,Craniata
NC_032387.1,Craniata
NC_032395.1,Craniata
NC_032397.1,Craniata
NC_032398.1,Craniata
NC_032400.1,Craniata
NC_032692.1,Craniata
NC_032695.1,Craniata
NC_006580.1,Craniata
NC_032715.1,Craniata
NC_032722.1,Craniata
NC_032723.1,Craniata
NC_032725.1,Craniata
NC_006688.1,Craniata
NC_006689.1,Craniata
NC_006690.1,Craniata
NC_006818.1,Craniata
NC_006835.1,Craniata
NC_001708.1,Craniata
NC_006839.1,Craniata
NC_006853.1,Craniata
NC_006887.1,Craniata
NC_006888.1,Craniata
NC_006889.1,Craniata
NC_006890.1,Craniata
NC_006893.1,Craniata
NC_006897.1,Craniata
NC_006900.1,Craniata
NC_006901.1,Craniata
NC_001717.1,Craniata
NC_006913.1,Craniata
NC_006914.1,Craniata
NC_006915.1,Craniata
NC_006917.1,Craniata
NC_006918.1,Craniata
NC_006919.1,Craniata
NC_006920.1,Craniata
NC_006921.2,Craniata
NC_006922.1,Craniata
NC_006923.1,Craniata
NC_001727.1,Craniata
NC_006924.1,Craniata
NC_006925.1,Craniata
NC_006926.1,Craniata
NC_006927.1,Craniata
NC_006928.1,Craniata
NC_006929.1,Craniata
NC_006930.1,Craniata
NC_006931.1,Craniata
NC_006973.1,Craniata
NC_006993.1,Craniata
NC_001778.1,Craniata
NC_007006.1,Craniata
NC_007007.1,Craniata
NC_007009.1,Craniata
NC_007011.1,Craniata
NC_007012.1,Craniata
NC_007172.2,Craniata
NC_007173.1,Craniata
NC_007174.1,Craniata
NC_007178.1,Craniata
NC_007179.1,Craniata
NC_001779.1,Craniata
NC_007227.1,Craniata
NC_007228.1,Craniata
NC_007229.1,Craniata
NC_007230.1,Craniata
NC_007231.1,Craniata
NC_007238.1,Craniata
NC_007239.1,Craniata
NC_007240.1,Craniata
NC_007393.1,Craniata
NC_007395.1,Craniata
NC_001788.1,Craniata
NC_007396.1,Craniata
NC_007397.1,Craniata
NC_007398.1,Craniata
NC_007399.1,Craniata
NC_007400.1,Craniata
NC_007401.1,Craniata
NC_007402.1,Craniata
NC_007403.1,Craniata
NC_007439.1,Craniata
NC_007440.1,Craniata
NC_001794.1,Craniata
NC_007441.1,Craniata
NC_007446.1,Craniata
NC_007596.2,Craniata
NC_007598.1,Craniata
NC_007599.1,Craniata
NC_007627.1,Craniata
NC_007628.1,Craniata
NC_007629.1,Craniata
NC_007630.1,Craniata
NC_007631.1,Craniata
NC_001804.1,Craniata
NC_007632.1,Craniata
NC_007691.1,Craniata
NC_007692.1,Craniata
NC_007693.1,Craniata
NC_007694.1,Craniata
NC_007695.1,Craniata
NC_007696.1,Craniata
NC_007697.1,Craniata
NC_007698.1,Craniata
NC_007699.1,Craniata
NC_001808.1,Craniata
NC_007700.1,Craniata
NC_007703.1,Craniata
NC_007704.2,Craniata
NC_007783.2,Craniata
NC_007784.2,Craniata
NC_007785.2,Craniata
NC_007786.2,Craniata
NC_007882.1,Craniata
NC_007883.1,Craniata
NC_007885.1,Craniata
NC_001821.1,Craniata
NC_007887.1,Craniata
NC_007888.1,Craniata
NC_007889.1,Craniata
NC_007890.1,Craniata
NC_007891.1,Craniata
NC_007892.1,Craniata
NC_007897.1,Craniata
NC_007911.1,Craniata
NC_007936.1,Craniata
NC_007937.1,Craniata
NC_001892.1,Craniata
NC_007938.1,Craniata
NC_007939.1,Craniata
NC_007970.1,Craniata
NC_007975.1,Craniata
NC_007978.1,Craniata
NC_007979.1,Craniata
NC_008064.1,Craniata
NC_008065.1,Craniata
NC_008066.1,Craniata
NC_008076.1,Craniata
NC_001913.1,Craniata
NC_008077.1,Craniata
NC_008078.1,Craniata
NC_008079.1,Craniata
NC_008080.1,Craniata
NC_008081.1,Craniata
NC_008082.1,Craniata
NC_008083.1,Craniata
NC_008084.1,Craniata
NC_008085.1,Craniata
NC_008088.1,Craniata
NC_001922.1,Craniata
NC_008089.1,Craniata
NC_008090.1,Craniata
NC_008091.1,Craniata
NC_008092.1,Craniata
NC_008093.1,Craniata
NC_008102.1,Craniata
NC_008103.1,Craniata
NC_008104.1,Craniata
NC_008105.1,Craniata
NC_008106.1,Craniata
NC_001941.1,Craniata
NC_008107.1,Craniata
NC_008108.1,Craniata
NC_008109.1,Craniata
NC_008110.1,Craniata
NC_008111.1,Craniata
NC_008112.1,Craniata
NC_008113.1,Craniata
NC_008123.1,Craniata
NC_008124.1,Craniata
NC_008125.1,Craniata
NC_001945.1,Craniata
NC_008126.1,Craniata
NC_008127.1,Craniata
NC_008128.1,Craniata
NC_008129.1,Craniata
NC_008130.1,Craniata
NC_008131.1,Craniata
NC_008132.1,Craniata
NC_008133.1,Craniata
NC_008134.1,Craniata
NC_008135.1,Craniata
NC_001947.1,Craniata
NC_008136.1,Craniata
NC_008137.1,Craniata
NC_008138.1,Craniata
NC_008139.1,Craniata
NC_008140.1,Craniata
NC_008142.1,Craniata
NC_008143.1,Craniata
NC_008144.1,Craniata
NC_008145.1,Craniata
NC_008156.1,Craniata
NC_001950.1,Craniata
NC_008215.1,Craniata
NC_008216.1,Craniata
NC_008217.1,Craniata
NC_008218.1,Craniata
NC_008219.1,Craniata
NC_008220.1,Craniata
NC_008222.1,Craniata
NC_008223.1,Craniata
NC_008224.1,Craniata
NC_008225.1,Craniata
NC_001960.1,Craniata
NC_008232.1,Craniata
NC_008241.1,Craniata
NC_008280.1,Craniata
NC_008324.1,Craniata
NC_008327.1,Craniata
NC_008328.1,Craniata
NC_008410.1,Craniata
NC_008414.3,Craniata
NC_008415.3,Craniata
NC_008416.1,Craniata
NC_001992.1,Craniata
NC_008417.1,Craniata
NC_008418.1,Craniata
NC_008419.1,Craniata
NC_008420.1,Craniata
NC_008421.1,Craniata
NC_008422.1,Craniata
NC_008423.1,Craniata
NC_008424.1,Craniata
NC_008425.1,Craniata
NC_008426.1,Craniata
NC_002008.4,Craniata
NC_008427.1,Craniata
NC_008428.1,Craniata
NC_008429.1,Craniata
NC_008430.1,Craniata
NC_008431.1,Craniata
NC_008432.1,Craniata
NC_008433.1,Craniata
NC_008434.1,Craniata
NC_008447.1,Craniata
NC_008448.1,Craniata
NC_002009.1,Craniata
NC_008449.1,Craniata
NC_008450.1,Craniata
NC_008455.1,Craniata
NC_008461.1,Craniata
NC_008462.1,Craniata
NC_008491.1,Craniata
NC_008540.1,Craniata
NC_008546.1,Craniata
NC_008547.1,Craniata
NC_008548.1,Craniata
NC_002012.1,Craniata
NC_008549.1,Craniata
NC_008550.1,Craniata
NC_008551.1,Craniata
NC_008615.1,Craniata
NC_008616.1,Craniata
NC_008642.1,Craniata
NC_008643.1,Craniata
NC_008644.1,Craniata
NC_008645.1,Craniata
NC_008646.1,Craniata
NC_002069.2,Craniata
NC_008647.1,Craniata
NC_008648.1,Craniata
NC_008649.1,Craniata
NC_008650.1,Craniata
NC_008651.1,Craniata
NC_008652.1,Craniata
NC_008653.1,Craniata
NC_008654.1,Craniata
NC_008655.1,Craniata
NC_008656.1,Craniata
NC_002073.3,Craniata
NC_008657.1,Craniata
NC_008658.1,Craniata
NC_008659.1,Craniata
NC_008660.1,Craniata
NC_008661.1,Craniata
NC_008662.1,Craniata
NC_008663.1,Craniata
NC_008664.1,Craniata
NC_008665.1,Craniata
NC_008666.1,Craniata
NC_002078.1,Craniata
NC_008667.1,Craniata
NC_008668.1,Craniata
NC_008669.1,Craniata
NC_008670.1,Craniata
NC_008671.1,Craniata
NC_008672.1,Craniata
NC_008673.1,Craniata
NC_008674.1,Craniata
NC_008675.1,Craniata
NC_008676.1,Craniata
NC_002079.1,Craniata
NC_008677.1,Craniata
NC_008678.1,Craniata
NC_008679.1,Craniata
NC_008680.1,Craniata
NC_008681.1,Craniata
NC_008682.1,Craniata
NC_008683.1,Craniata
NC_008684.1,Craniata
NC_008743.1,Craniata
NC_008744.1,Craniata
NC_002080.2,Craniata
NC_008745.1,Craniata
NC_008746.1,Craniata
NC_008747.1,Craniata
NC_008749.1,Craniata
NC_008753.1,Craniata
NC_008772.1,Craniata
NC_008773.1,Craniata
NC_008774.1,Craniata
NC_008775.1,Craniata
NC_008776.1,Craniata
NC_002081.1,Craniata
NC_008777.1,Craniata
NC_008778.1,Craniata
NC_008795.1,Craniata
NC_008830.1,Craniata
NC_008975.1,Craniata
NC_009054.1,Craniata
NC_009056.1,Craniata
NC_009057.1,Craniata
NC_009058.1,Craniata
NC_009059.1,Craniata
NC_002082.1,Craniata
NC_009060.1,Craniata
NC_009061.1,Craniata
NC_009062.1,Craniata
NC_009063.1,Craniata
NC_009064.1,Craniata
NC_009065.1,Craniata
NC_009066.1,Craniata
NC_009067.1,Craniata
NC_009125.2,Craniata
NC_009126.1,Craniata
NC_002083.1,Craniata
NC_009134.1,Craniata
NC_009258.1,Craniata
NC_009260.1,Craniata
NC_009262.1,Craniata
NC_009263.1,Craniata
NC_009264.1,Craniata
NC_009330.1,Craniata
NC_009331.1,Craniata
NC_009335.1,Craniata
NC_009421.1,Craniata
NC_002196.1,Craniata
NC_009422.1,Craniata
NC_009423.1,Craniata
NC_009459.2,Craniata
NC_009492.1,Craniata
NC_009502.1,Craniata
NC_009509.1,Craniata
NC_009510.1,Craniata
NC_009572.1,Craniata
NC_009574.1,Craniata
NC_009575.1,Craniata
NC_002197.1,Craniata
NC_009576.1,Craniata
NC_009577.1,Craniata
NC_009578.1,Craniata
NC_009579.1,Craniata
NC_009580.1,Craniata
NC_009581.1,Craniata
NC_009582.1,Craniata
NC_009583.1,Craniata
NC_009584.1,Craniata
NC_009585.1,Craniata
NC_002333.2,Craniata
NC_009586.1,Craniata
NC_009587.1,Craniata
NC_009588.1,Craniata
NC_009589.1,Craniata
NC_009590.1,Craniata
NC_009591.1,Craniata
NC_009592.1,Craniata
NC_009593.1,Craniata
NC_009628.2,Craniata
NC_009629.2,Craniata
NC_002369.1,Craniata
NC_009677.1,Craniata
NC_009678.1,Craniata
NC_009683.1,Craniata
NC_009684.1,Craniata
NC_009685.1,Craniata
NC_009686.1,Craniata
NC_009691.1,Craniata
NC_009692.1,Craniata
NC_009709.1,Craniata
NC_009710.1,Craniata
NC_002386.1,Craniata
NC_009711.1,Craniata
NC_009728.1,Craniata
NC_009729.1,Craniata
NC_009732.1,Craniata
NC_009736.1,Craniata
NC_009747.1,Craniata
NC_009748.1,Craniata
NC_009768.1,Craniata
NC_009769.1,Craniata
NC_009773.1,Craniata
NC_002391.1,Craniata
NC_009830.1,Craniata
NC_009849.1,Craniata
NC_009851.1,Craniata
NC_009852.1,Craniata
NC_009853.1,Craniata
NC_009854.1,Craniata
NC_009855.1,Craniata
NC_009856.1,Craniata
NC_009857.1,Craniata
NC_009858.1,Craniata
NC_002471.1,Craniata
NC_009859.1,Craniata
NC_009860.1,Craniata
NC_009861.1,Craniata
NC_009862.1,Craniata
NC_009863.1,Craniata
NC_009864.1,Craniata
NC_009865.1,Craniata
NC_009866.1,Craniata
NC_009867.1,Craniata
NC_009868.1,Craniata
NC_002503.2,Craniata
NC_009869.1,Craniata
NC_009870.1,Craniata
NC_009871.1,Craniata
NC_009872.1,Craniata
NC_009873.1,Craniata
NC_009874.1,Craniata
NC_009886.1,Craniata
NC_009948.1,Craniata
NC_009968.1,Craniata
NC_009969.1,Craniata
NC_002504.1,Craniata
NC_009970.1,Craniata
NC_009971.1,Craniata
NC_010007.1,Craniata
NC_010089.1,Craniata
NC_010091.1,Craniata
NC_010092.1,Craniata
NC_010094.1,Craniata
NC_010095.1,Craniata
NC_010108.1,Craniata
NC_010110.1,Craniata
NC_002521.1,Craniata
NC_010121.1,Craniata
NC_010122.1,Craniata
NC_010156.1,Craniata
NC_010194.1,Craniata
NC_010195.2,Craniata
NC_010196.1,Craniata
NC_010199.1,Craniata
NC_010200.1,Craniata
NC_010205.2,Craniata
NC_010223.1,Craniata
NC_002574.1,Craniata
NC_010224.1,Craniata
NC_010225.1,Craniata
NC_010227.1,Craniata
NC_010228.1,Craniata
NC_010229.1,Craniata
NC_010232.1,Craniata
NC_010233.1,Craniata
NC_010234.1,Craniata
NC_010264.1,Craniata
NC_010265.1,Craniata
NC_002612.1,Craniata
NC_010267.1,Craniata
NC_010268.1,Craniata
NC_010269.1,Craniata
NC_010270.1,Craniata
NC_010271.1,Craniata
NC_010272.1,Craniata
NC_010273.1,Craniata
NC_010274.1,Craniata
NC_010288.1,Craniata
NC_010292.1,Craniata
NC_002616.1,Craniata
NC_010298.1,Craniata
NC_010299.1,Craniata
NC_010300.1,Craniata
NC_010301.1,Craniata
NC_010302.1,Craniata
NC_010304.1,Craniata
NC_010339.1,Craniata
NC_010340.2,Craniata
NC_010341.1,Craniata
NC_010497.1,Craniata
NC_002619.1,Craniata
NC_010570.1,Craniata
NC_010638.1,Craniata
NC_010639.1,Craniata
NC_010640.1,Craniata
NC_010641.1,Craniata
NC_010642.1,Craniata
NC_010649.2,Craniata
NC_010650.1,Craniata
NC_010689.1,Craniata
NC_010767.1,Craniata
NC_002626.1,Craniata
NC_010768.1,Craniata
NC_010770.1,Craniata
NC_010771.1,Craniata
NC_010774.1,Craniata
NC_010778.1,Craniata
NC_010781.1,Craniata
NC_010957.1,Craniata
NC_010958.1,Craniata
NC_010959.1,Craniata
NC_010960.1,Craniata
NC_002631.2,Craniata
NC_010962.1,Craniata
NC_010963.1,Craniata
NC_010965.1,Craniata
NC_010966.1,Craniata
NC_010968.1,Craniata
NC_010970.1,Craniata
NC_010971.1,Craniata
NC_010972.2,Craniata
NC_010973.1,Craniata
NC_010974.1,Craniata
NC_002639.1,Craniata
NC_010975.1,Craniata
NC_010977.1,Craniata
NC_010978.1,Craniata
NC_010979.1,Craniata
NC_011006.1,Craniata
NC_011007.1,Craniata
NC_011008.1,Craniata
NC_011009.1,Craniata
NC_011010.1,Craniata
NC_011012.1,Craniata
NC_002646.1,Craniata
NC_011015.1,Craniata
NC_011017.1,Craniata
NC_011018.1,Craniata
NC_011029.1,Craniata
NC_011049.1,Craniata
NC_011053.1,Craniata
NC_011074.1,Craniata
NC_011111.1,Craniata
NC_011112.1,Craniata
NC_011113.1,Craniata
NC_002647.1,Craniata
NC_011116.1,Craniata
NC_011117.1,Craniata
NC_011118.1,Craniata
NC_011120.1,Craniata
NC_011124.1,Craniata
NC_011125.1,Craniata
NC_011137.1,Craniata
NC_011141.1,Craniata
NC_011161.1,Craniata
NC_011168.1,Craniata
NC_002648.1,Craniata
NC_011169.1,Craniata
NC_011170.1,Craniata
NC_011171.1,Craniata
NC_011172.1,Craniata
NC_011173.1,Craniata
NC_011174.1,Craniata
NC_011175.1,Craniata
NC_011176.1,Craniata
NC_011177.1,Craniata
NC_011178.1,Craniata
NC_002658.1,Craniata
NC_011179.1,Craniata
NC_011180.1,Craniata
NC_011191.1,Craniata
NC_011192.1,Craniata
NC_011196.1,Craniata
NC_011198.1,Craniata
NC_011199.1,Craniata
NC_011208.1,Craniata
NC_011209.1,Craniata
NC_011210.1,Craniata
NC_002672.1,Craniata
NC_011211.1,Craniata
NC_011218.2,Craniata
NC_011219.1,Craniata
NC_011275.1,Craniata
NC_011304.1,Craniata
NC_011307.1,Craniata
NC_011319.1,Craniata
NC_011321.1,Craniata
NC_011323.1,Craniata
NC_011325.1,Craniata
NC_002673.1,Craniata
NC_011327.1,Craniata
NC_011330.1,Craniata
NC_011331.1,Craniata
NC_011343.1,Craniata
NC_011358.1,Craniata
NC_011361.1,Craniata
NC_011379.1,Craniata
NC_011380.1,Craniata
NC_011381.1,Craniata
NC_011387.1,Craniata
NC_002674.1,Craniata
NC_011388.1,Craniata
NC_011389.1,Craniata
NC_011390.1,Craniata
NC_011391.1,Craniata
NC_011392.1,Craniata
NC_011393.1,Craniata
NC_011394.1,Craniata
NC_011519.1,Craniata
NC_011569.1,Craniata
NC_011570.1,Craniata
NC_002707.2,Craniata
NC_011571.1,Craniata
NC_011573.1,Craniata
NC_011575.1,Craniata
NC_011576.1,Craniata
NC_011577.1,Craniata
NC_011578.1,Craniata
NC_011579.1,Craniata
NC_011580.1,Craniata
NC_011582.1,Craniata
NC_011599.1,Craniata
NC_002734.2,Craniata
NC_011606.1,Craniata
NC_011607.1,Craniata
NC_011609.1,Craniata
NC_011621.1,Craniata
NC_011622.1,Craniata
NC_011623.1,Craniata
NC_011624.1,Craniata
NC_011625.1,Craniata
NC_011626.1,Craniata
NC_011627.1,Craniata
NC_002177.1,Tunicata
NC_004447.2,Tunicata
NC_004570.1,Tunicata
NC_009833.1,Tunicata
NC_009834.1,Tunicata
NC_012887.1,Tunicata
NC_013556.1,Tunicata
NC_013561.1,Tunicata
NC_013565.1,Tunicata
NC_013584.1,Tunicata
NC_013752.1,Tunicata
NC_017929.1,Tunicata
NC_021463.1,Tunicata
NC_021464.1,Tunicata
NC_021465.1,Tunicata
NC_021466.1,Tunicata
NC_021467.1,Tunicata
NC_021468.1,Tunicata
NC_021469.1,Tunicata
NC_024103.1,Tunicata
NC_024104.1,Tunicata
NC_024105.1,Tunicata
NC_024256.1,Tunicata
NC_026107.1,Tunicata
